--
-- PostgreSQL database dump
--

\restrict 0JQzOpiLDfUv1A0nKd3q7cBUsd0VGi7CgV5BvSsPXXDiqrCIZ3seHuxJ8YwrTli

-- Dumped from database version 16.10
-- Dumped by pg_dump version 16.10

-- Started on 2025-10-04 13:32:49

SET statement_timeout = 0;
SET lock_timeout = 0;
SET idle_in_transaction_session_timeout = 0;
SET client_encoding = 'UTF8';
SET standard_conforming_strings = on;
SELECT pg_catalog.set_config('search_path', '', false);
SET check_function_bodies = false;
SET xmloption = content;
SET client_min_messages = warning;
SET row_security = off;

--
-- TOC entry 896 (class 1247 OID 16892)
-- Name: interest_status; Type: TYPE; Schema: public; Owner: postgres
--

CREATE TYPE public.interest_status AS ENUM (
    'PENDING',
    'ACCEPTED',
    'DECLINED'
);


ALTER TYPE public.interest_status OWNER TO postgres;

--
-- TOC entry 899 (class 1247 OID 16900)
-- Name: model_delivery; Type: TYPE; Schema: public; Owner: postgres
--

CREATE TYPE public.model_delivery AS ENUM (
    'Onsite',
    'Online (synchronous)',
    'Online (asynchronous)',
    'Hybrid'
);


ALTER TYPE public.model_delivery OWNER TO postgres;

--
-- TOC entry 902 (class 1247 OID 16910)
-- Name: request_type; Type: TYPE; Schema: public; Owner: postgres
--

CREATE TYPE public.request_type AS ENUM (
    'Service',
    'Output',
    'Project'
);


ALTER TYPE public.request_type OWNER TO postgres;

--
-- TOC entry 905 (class 1247 OID 16918)
-- Name: verification_status; Type: TYPE; Schema: public; Owner: postgres
--

CREATE TYPE public.verification_status AS ENUM (
    'UNVERIFIED',
    'PENDING',
    'VERIFIED',
    'REJECTED'
);


ALTER TYPE public.verification_status OWNER TO postgres;

--
-- TOC entry 908 (class 1247 OID 16928)
-- Name: xp_rank; Type: TYPE; Schema: public; Owner: postgres
--

CREATE TYPE public.xp_rank AS ENUM (
    'Unranked',
    'Dwarf Star',
    'Rising Star',
    'Shining Star',
    'Giant',
    'Supergiant',
    'Stellar',
    'Radiant',
    'Cosmic',
    'Luminary',
    'Ethereal',
    'Celestial'
);


ALTER TYPE public.xp_rank OWNER TO postgres;

--
-- TOC entry 271 (class 1255 OID 16953)
-- Name: sync_is_verified_from_status(); Type: FUNCTION; Schema: public; Owner: postgres
--

CREATE FUNCTION public.sync_is_verified_from_status() RETURNS trigger
    LANGUAGE plpgsql
    AS $$
    BEGIN
      NEW.is_verified := (NEW.verification_status = 'VERIFIED');
      RETURN NEW;
    END
    $$;


ALTER FUNCTION public.sync_is_verified_from_status() OWNER TO postgres;

SET default_tablespace = '';

SET default_table_access_method = heap;

--
-- TOC entry 215 (class 1259 OID 16954)
-- Name: auth_group; Type: TABLE; Schema: public; Owner: postgres
--

CREATE TABLE public.auth_group (
    id integer NOT NULL,
    name character varying(150) NOT NULL
);


ALTER TABLE public.auth_group OWNER TO postgres;

--
-- TOC entry 216 (class 1259 OID 16957)
-- Name: auth_group_id_seq; Type: SEQUENCE; Schema: public; Owner: postgres
--

ALTER TABLE public.auth_group ALTER COLUMN id ADD GENERATED BY DEFAULT AS IDENTITY (
    SEQUENCE NAME public.auth_group_id_seq
    START WITH 1
    INCREMENT BY 1
    NO MINVALUE
    NO MAXVALUE
    CACHE 1
);


--
-- TOC entry 217 (class 1259 OID 16958)
-- Name: auth_group_permissions; Type: TABLE; Schema: public; Owner: postgres
--

CREATE TABLE public.auth_group_permissions (
    id bigint NOT NULL,
    group_id integer NOT NULL,
    permission_id integer NOT NULL
);


ALTER TABLE public.auth_group_permissions OWNER TO postgres;

--
-- TOC entry 218 (class 1259 OID 16961)
-- Name: auth_group_permissions_id_seq; Type: SEQUENCE; Schema: public; Owner: postgres
--

ALTER TABLE public.auth_group_permissions ALTER COLUMN id ADD GENERATED BY DEFAULT AS IDENTITY (
    SEQUENCE NAME public.auth_group_permissions_id_seq
    START WITH 1
    INCREMENT BY 1
    NO MINVALUE
    NO MAXVALUE
    CACHE 1
);


--
-- TOC entry 219 (class 1259 OID 16962)
-- Name: auth_permission; Type: TABLE; Schema: public; Owner: postgres
--

CREATE TABLE public.auth_permission (
    id integer NOT NULL,
    name character varying(255) NOT NULL,
    content_type_id integer NOT NULL,
    codename character varying(100) NOT NULL
);


ALTER TABLE public.auth_permission OWNER TO postgres;

--
-- TOC entry 220 (class 1259 OID 16965)
-- Name: auth_permission_id_seq; Type: SEQUENCE; Schema: public; Owner: postgres
--

ALTER TABLE public.auth_permission ALTER COLUMN id ADD GENERATED BY DEFAULT AS IDENTITY (
    SEQUENCE NAME public.auth_permission_id_seq
    START WITH 1
    INCREMENT BY 1
    NO MINVALUE
    NO MAXVALUE
    CACHE 1
);


--
-- TOC entry 221 (class 1259 OID 16966)
-- Name: auth_user; Type: TABLE; Schema: public; Owner: postgres
--

CREATE TABLE public.auth_user (
    id integer NOT NULL,
    password character varying(128) NOT NULL,
    last_login timestamp with time zone,
    is_superuser boolean NOT NULL,
    username character varying(150) NOT NULL,
    first_name character varying(150) NOT NULL,
    last_name character varying(150) NOT NULL,
    email character varying(254) NOT NULL,
    is_staff boolean NOT NULL,
    is_active boolean NOT NULL,
    date_joined timestamp with time zone NOT NULL
);


ALTER TABLE public.auth_user OWNER TO postgres;

--
-- TOC entry 222 (class 1259 OID 16971)
-- Name: auth_user_groups; Type: TABLE; Schema: public; Owner: postgres
--

CREATE TABLE public.auth_user_groups (
    id bigint NOT NULL,
    user_id integer NOT NULL,
    group_id integer NOT NULL
);


ALTER TABLE public.auth_user_groups OWNER TO postgres;

--
-- TOC entry 223 (class 1259 OID 16974)
-- Name: auth_user_groups_id_seq; Type: SEQUENCE; Schema: public; Owner: postgres
--

ALTER TABLE public.auth_user_groups ALTER COLUMN id ADD GENERATED BY DEFAULT AS IDENTITY (
    SEQUENCE NAME public.auth_user_groups_id_seq
    START WITH 1
    INCREMENT BY 1
    NO MINVALUE
    NO MAXVALUE
    CACHE 1
);


--
-- TOC entry 224 (class 1259 OID 16975)
-- Name: auth_user_id_seq; Type: SEQUENCE; Schema: public; Owner: postgres
--

ALTER TABLE public.auth_user ALTER COLUMN id ADD GENERATED BY DEFAULT AS IDENTITY (
    SEQUENCE NAME public.auth_user_id_seq
    START WITH 1
    INCREMENT BY 1
    NO MINVALUE
    NO MAXVALUE
    CACHE 1
);


--
-- TOC entry 225 (class 1259 OID 16976)
-- Name: auth_user_user_permissions; Type: TABLE; Schema: public; Owner: postgres
--

CREATE TABLE public.auth_user_user_permissions (
    id bigint NOT NULL,
    user_id integer NOT NULL,
    permission_id integer NOT NULL
);


ALTER TABLE public.auth_user_user_permissions OWNER TO postgres;

--
-- TOC entry 226 (class 1259 OID 16979)
-- Name: auth_user_user_permissions_id_seq; Type: SEQUENCE; Schema: public; Owner: postgres
--

ALTER TABLE public.auth_user_user_permissions ALTER COLUMN id ADD GENERATED BY DEFAULT AS IDENTITY (
    SEQUENCE NAME public.auth_user_user_permissions_id_seq
    START WITH 1
    INCREMENT BY 1
    NO MINVALUE
    NO MAXVALUE
    CACHE 1
);


--
-- TOC entry 227 (class 1259 OID 16980)
-- Name: certspecskills_tbl; Type: TABLE; Schema: public; Owner: postgres
--

CREATE TABLE public.certspecskills_tbl (
    certskill_id integer NOT NULL,
    cert_id integer,
    specskills_id integer
);


ALTER TABLE public.certspecskills_tbl OWNER TO postgres;

--
-- TOC entry 228 (class 1259 OID 16983)
-- Name: certspecskills_tbl_certskill_id_seq; Type: SEQUENCE; Schema: public; Owner: postgres
--

CREATE SEQUENCE public.certspecskills_tbl_certskill_id_seq
    AS integer
    START WITH 1
    INCREMENT BY 1
    NO MINVALUE
    NO MAXVALUE
    CACHE 1;


ALTER SEQUENCE public.certspecskills_tbl_certskill_id_seq OWNER TO postgres;

--
-- TOC entry 5296 (class 0 OID 0)
-- Dependencies: 228
-- Name: certspecskills_tbl_certskill_id_seq; Type: SEQUENCE OWNED BY; Schema: public; Owner: postgres
--

ALTER SEQUENCE public.certspecskills_tbl_certskill_id_seq OWNED BY public.certspecskills_tbl.certskill_id;


--
-- TOC entry 268 (class 1259 OID 17444)
-- Name: conversations_tbl; Type: TABLE; Schema: public; Owner: postgres
--

CREATE TABLE public.conversations_tbl (
    conversation_id integer NOT NULL,
    created_at timestamp with time zone NOT NULL,
    requester_id integer NOT NULL,
    responder_id integer NOT NULL,
    tradereq_id integer NOT NULL
);


ALTER TABLE public.conversations_tbl OWNER TO postgres;

--
-- TOC entry 267 (class 1259 OID 17443)
-- Name: conversations_tbl_conversation_id_seq; Type: SEQUENCE; Schema: public; Owner: postgres
--

ALTER TABLE public.conversations_tbl ALTER COLUMN conversation_id ADD GENERATED BY DEFAULT AS IDENTITY (
    SEQUENCE NAME public.conversations_tbl_conversation_id_seq
    START WITH 1
    INCREMENT BY 1
    NO MINVALUE
    NO MAXVALUE
    CACHE 1
);


--
-- TOC entry 229 (class 1259 OID 16984)
-- Name: django_content_type; Type: TABLE; Schema: public; Owner: postgres
--

CREATE TABLE public.django_content_type (
    id integer NOT NULL,
    app_label character varying(100) NOT NULL,
    model character varying(100) NOT NULL
);


ALTER TABLE public.django_content_type OWNER TO postgres;

--
-- TOC entry 230 (class 1259 OID 16987)
-- Name: django_content_type_id_seq; Type: SEQUENCE; Schema: public; Owner: postgres
--

ALTER TABLE public.django_content_type ALTER COLUMN id ADD GENERATED BY DEFAULT AS IDENTITY (
    SEQUENCE NAME public.django_content_type_id_seq
    START WITH 1
    INCREMENT BY 1
    NO MINVALUE
    NO MAXVALUE
    CACHE 1
);


--
-- TOC entry 231 (class 1259 OID 16988)
-- Name: django_migrations; Type: TABLE; Schema: public; Owner: postgres
--

CREATE TABLE public.django_migrations (
    id bigint NOT NULL,
    app character varying(255) NOT NULL,
    name character varying(255) NOT NULL,
    applied timestamp with time zone NOT NULL
);


ALTER TABLE public.django_migrations OWNER TO postgres;

--
-- TOC entry 232 (class 1259 OID 16993)
-- Name: django_migrations_id_seq; Type: SEQUENCE; Schema: public; Owner: postgres
--

ALTER TABLE public.django_migrations ALTER COLUMN id ADD GENERATED BY DEFAULT AS IDENTITY (
    SEQUENCE NAME public.django_migrations_id_seq
    START WITH 1
    INCREMENT BY 1
    NO MINVALUE
    NO MAXVALUE
    CACHE 1
);


--
-- TOC entry 233 (class 1259 OID 16994)
-- Name: django_session; Type: TABLE; Schema: public; Owner: postgres
--

CREATE TABLE public.django_session (
    session_key character varying(40) NOT NULL,
    session_data text NOT NULL,
    expire_date timestamp with time zone NOT NULL
);


ALTER TABLE public.django_session OWNER TO postgres;

--
-- TOC entry 234 (class 1259 OID 16999)
-- Name: evaluation_tbl; Type: TABLE; Schema: public; Owner: postgres
--

CREATE TABLE public.evaluation_tbl (
    evaluation_id integer NOT NULL,
    tradereq_id integer NOT NULL,
    taskcomplexity integer,
    timecommitment integer,
    skilllevel integer,
    evaluationdescription character varying(500),
    requester_evaluation_status character varying(20),
    responder_evaluation_status character varying(20),
    requester_responded_at timestamp without time zone,
    responder_responded_at timestamp without time zone,
    CONSTRAINT check_requester_evaluation_status CHECK (((requester_evaluation_status)::text = ANY (ARRAY[('CONFIRMED'::character varying)::text, ('REJECTED'::character varying)::text]))),
    CONSTRAINT check_responder_evaluation_status CHECK (((responder_evaluation_status)::text = ANY (ARRAY[('CONFIRMED'::character varying)::text, ('REJECTED'::character varying)::text])))
);


ALTER TABLE public.evaluation_tbl OWNER TO postgres;

--
-- TOC entry 235 (class 1259 OID 17006)
-- Name: evaluation_tbl_evaluation_id_seq; Type: SEQUENCE; Schema: public; Owner: postgres
--

CREATE SEQUENCE public.evaluation_tbl_evaluation_id_seq
    AS integer
    START WITH 1
    INCREMENT BY 1
    NO MINVALUE
    NO MAXVALUE
    CACHE 1;


ALTER SEQUENCE public.evaluation_tbl_evaluation_id_seq OWNER TO postgres;

--
-- TOC entry 5297 (class 0 OID 0)
-- Dependencies: 235
-- Name: evaluation_tbl_evaluation_id_seq; Type: SEQUENCE OWNED BY; Schema: public; Owner: postgres
--

ALTER SEQUENCE public.evaluation_tbl_evaluation_id_seq OWNED BY public.evaluation_tbl.evaluation_id;


--
-- TOC entry 236 (class 1259 OID 17007)
-- Name: genskills_tbl; Type: TABLE; Schema: public; Owner: postgres
--

CREATE TABLE public.genskills_tbl (
    genskills_id integer NOT NULL,
    gencateg character varying(100)
);


ALTER TABLE public.genskills_tbl OWNER TO postgres;

--
-- TOC entry 237 (class 1259 OID 17010)
-- Name: genskills_tbl_genskills_id_seq; Type: SEQUENCE; Schema: public; Owner: postgres
--

CREATE SEQUENCE public.genskills_tbl_genskills_id_seq
    AS integer
    START WITH 1
    INCREMENT BY 1
    NO MINVALUE
    NO MAXVALUE
    CACHE 1;


ALTER SEQUENCE public.genskills_tbl_genskills_id_seq OWNER TO postgres;

--
-- TOC entry 5298 (class 0 OID 0)
-- Dependencies: 237
-- Name: genskills_tbl_genskills_id_seq; Type: SEQUENCE OWNED BY; Schema: public; Owner: postgres
--

ALTER SEQUENCE public.genskills_tbl_genskills_id_seq OWNED BY public.genskills_tbl.genskills_id;


--
-- TOC entry 270 (class 1259 OID 17450)
-- Name: messages_tbl; Type: TABLE; Schema: public; Owner: postgres
--

CREATE TABLE public.messages_tbl (
    message_id integer NOT NULL,
    content text NOT NULL,
    created_at timestamp with time zone NOT NULL,
    conversation_id integer NOT NULL,
    sender_id integer NOT NULL
);


ALTER TABLE public.messages_tbl OWNER TO postgres;

--
-- TOC entry 269 (class 1259 OID 17449)
-- Name: messages_tbl_message_id_seq; Type: SEQUENCE; Schema: public; Owner: postgres
--

ALTER TABLE public.messages_tbl ALTER COLUMN message_id ADD GENERATED BY DEFAULT AS IDENTITY (
    SEQUENCE NAME public.messages_tbl_message_id_seq
    START WITH 1
    INCREMENT BY 1
    NO MINVALUE
    NO MAXVALUE
    CACHE 1
);


--
-- TOC entry 238 (class 1259 OID 17019)
-- Name: password_reset_token_tbl; Type: TABLE; Schema: public; Owner: postgres
--

CREATE TABLE public.password_reset_token_tbl (
    id integer NOT NULL,
    user_id integer NOT NULL,
    token character varying(64) NOT NULL,
    created_at timestamp with time zone DEFAULT now() NOT NULL,
    expires_at timestamp with time zone NOT NULL
);


ALTER TABLE public.password_reset_token_tbl OWNER TO postgres;

--
-- TOC entry 239 (class 1259 OID 17023)
-- Name: password_reset_token_tbl_id_seq; Type: SEQUENCE; Schema: public; Owner: postgres
--

CREATE SEQUENCE public.password_reset_token_tbl_id_seq
    AS integer
    START WITH 1
    INCREMENT BY 1
    NO MINVALUE
    NO MAXVALUE
    CACHE 1;


ALTER SEQUENCE public.password_reset_token_tbl_id_seq OWNER TO postgres;

--
-- TOC entry 5299 (class 0 OID 0)
-- Dependencies: 239
-- Name: password_reset_token_tbl_id_seq; Type: SEQUENCE OWNED BY; Schema: public; Owner: postgres
--

ALTER SEQUENCE public.password_reset_token_tbl_id_seq OWNED BY public.password_reset_token_tbl.id;


--
-- TOC entry 240 (class 1259 OID 17024)
-- Name: repsys_tbl; Type: TABLE; Schema: public; Owner: postgres
--

CREATE TABLE public.repsys_tbl (
    repsys_id integer NOT NULL,
    tradereq_id integer,
    requester_starcount integer,
    responder_starcount integer,
    requester_rating_desc character varying(500),
    responder_rating_desc character varying(500),
    requester_rated_at timestamp without time zone,
    responder_rated_at timestamp without time zone,
    CONSTRAINT repsys_tbl_requester_starcount_check CHECK (((requester_starcount >= 0) AND (requester_starcount <= 5)))
);


ALTER TABLE public.repsys_tbl OWNER TO postgres;

--
-- TOC entry 241 (class 1259 OID 17030)
-- Name: repsys_tbl_repsys_id_seq; Type: SEQUENCE; Schema: public; Owner: postgres
--

CREATE SEQUENCE public.repsys_tbl_repsys_id_seq
    AS integer
    START WITH 1
    INCREMENT BY 1
    NO MINVALUE
    NO MAXVALUE
    CACHE 1;


ALTER SEQUENCE public.repsys_tbl_repsys_id_seq OWNER TO postgres;

--
-- TOC entry 5300 (class 0 OID 0)
-- Dependencies: 241
-- Name: repsys_tbl_repsys_id_seq; Type: SEQUENCE OWNED BY; Schema: public; Owner: postgres
--

ALTER SEQUENCE public.repsys_tbl_repsys_id_seq OWNED BY public.repsys_tbl.repsys_id;


--
-- TOC entry 242 (class 1259 OID 17031)
-- Name: specskills_tbl; Type: TABLE; Schema: public; Owner: postgres
--

CREATE TABLE public.specskills_tbl (
    specskills_id integer NOT NULL,
    genskills_id integer,
    speccateg character varying(100)
);


ALTER TABLE public.specskills_tbl OWNER TO postgres;

--
-- TOC entry 243 (class 1259 OID 17034)
-- Name: specskills_tbl_specskills_id_seq; Type: SEQUENCE; Schema: public; Owner: postgres
--

CREATE SEQUENCE public.specskills_tbl_specskills_id_seq
    AS integer
    START WITH 1
    INCREMENT BY 1
    NO MINVALUE
    NO MAXVALUE
    CACHE 1;


ALTER SEQUENCE public.specskills_tbl_specskills_id_seq OWNER TO postgres;

--
-- TOC entry 5301 (class 0 OID 0)
-- Dependencies: 243
-- Name: specskills_tbl_specskills_id_seq; Type: SEQUENCE OWNED BY; Schema: public; Owner: postgres
--

ALTER SEQUENCE public.specskills_tbl_specskills_id_seq OWNED BY public.specskills_tbl.specskills_id;


--
-- TOC entry 244 (class 1259 OID 17035)
-- Name: supptix_tbl; Type: TABLE; Schema: public; Owner: postgres
--

CREATE TABLE public.supptix_tbl (
    ticket_id integer NOT NULL,
    user_id integer,
    ticket_name character varying(100),
    ticket_email character varying(100),
    ticket_title character varying(100),
    ticket_desc text,
    ticket_pic text,
    ticket_datesubmitted timestamp without time zone DEFAULT CURRENT_TIMESTAMP
);


ALTER TABLE public.supptix_tbl OWNER TO postgres;

--
-- TOC entry 245 (class 1259 OID 17041)
-- Name: supptix_tbl_ticket_id_seq; Type: SEQUENCE; Schema: public; Owner: postgres
--

CREATE SEQUENCE public.supptix_tbl_ticket_id_seq
    AS integer
    START WITH 1
    INCREMENT BY 1
    NO MINVALUE
    NO MAXVALUE
    CACHE 1;


ALTER SEQUENCE public.supptix_tbl_ticket_id_seq OWNER TO postgres;

--
-- TOC entry 5302 (class 0 OID 0)
-- Dependencies: 245
-- Name: supptix_tbl_ticket_id_seq; Type: SEQUENCE OWNED BY; Schema: public; Owner: postgres
--

ALTER SEQUENCE public.supptix_tbl_ticket_id_seq OWNED BY public.supptix_tbl.ticket_id;


--
-- TOC entry 246 (class 1259 OID 17042)
-- Name: token_blacklist_blacklistedtoken; Type: TABLE; Schema: public; Owner: postgres
--

CREATE TABLE public.token_blacklist_blacklistedtoken (
    id bigint NOT NULL,
    blacklisted_at timestamp with time zone NOT NULL,
    token_id bigint NOT NULL
);


ALTER TABLE public.token_blacklist_blacklistedtoken OWNER TO postgres;

--
-- TOC entry 247 (class 1259 OID 17045)
-- Name: token_blacklist_blacklistedtoken_id_seq; Type: SEQUENCE; Schema: public; Owner: postgres
--

ALTER TABLE public.token_blacklist_blacklistedtoken ALTER COLUMN id ADD GENERATED BY DEFAULT AS IDENTITY (
    SEQUENCE NAME public.token_blacklist_blacklistedtoken_id_seq
    START WITH 1
    INCREMENT BY 1
    NO MINVALUE
    NO MAXVALUE
    CACHE 1
);


--
-- TOC entry 248 (class 1259 OID 17046)
-- Name: token_blacklist_outstandingtoken; Type: TABLE; Schema: public; Owner: postgres
--

CREATE TABLE public.token_blacklist_outstandingtoken (
    id bigint NOT NULL,
    token text NOT NULL,
    created_at timestamp with time zone,
    expires_at timestamp with time zone NOT NULL,
    user_id integer,
    jti character varying(255) NOT NULL
);


ALTER TABLE public.token_blacklist_outstandingtoken OWNER TO postgres;

--
-- TOC entry 249 (class 1259 OID 17051)
-- Name: token_blacklist_outstandingtoken_id_seq; Type: SEQUENCE; Schema: public; Owner: postgres
--

ALTER TABLE public.token_blacklist_outstandingtoken ALTER COLUMN id ADD GENERATED BY DEFAULT AS IDENTITY (
    SEQUENCE NAME public.token_blacklist_outstandingtoken_id_seq
    START WITH 1
    INCREMENT BY 1
    NO MINVALUE
    NO MAXVALUE
    CACHE 1
);


--
-- TOC entry 250 (class 1259 OID 17052)
-- Name: trade_details_tbl; Type: TABLE; Schema: public; Owner: postgres
--

CREATE TABLE public.trade_details_tbl (
    tradedetails_id integer NOT NULL,
    tradereq_id integer NOT NULL,
    user_id integer NOT NULL,
    skillprof character varying(13),
    modedel character varying(25),
    reqtype character varying(35),
    contextpic character varying(100),
    reqbio character varying(500),
    created_at timestamp without time zone DEFAULT CURRENT_TIMESTAMP,
    total_xp integer
);


ALTER TABLE public.trade_details_tbl OWNER TO postgres;

--
-- TOC entry 251 (class 1259 OID 17058)
-- Name: trade_details_tbl_id_seq; Type: SEQUENCE; Schema: public; Owner: postgres
--

CREATE SEQUENCE public.trade_details_tbl_id_seq
    AS integer
    START WITH 1
    INCREMENT BY 1
    NO MINVALUE
    NO MAXVALUE
    CACHE 1;


ALTER SEQUENCE public.trade_details_tbl_id_seq OWNER TO postgres;

--
-- TOC entry 5303 (class 0 OID 0)
-- Dependencies: 251
-- Name: trade_details_tbl_id_seq; Type: SEQUENCE OWNED BY; Schema: public; Owner: postgres
--

ALTER SEQUENCE public.trade_details_tbl_id_seq OWNED BY public.trade_details_tbl.tradedetails_id;


--
-- TOC entry 252 (class 1259 OID 17059)
-- Name: trade_interests_tbl; Type: TABLE; Schema: public; Owner: postgres
--

CREATE TABLE public.trade_interests_tbl (
    trade_interests_id integer NOT NULL,
    tradereq_id integer NOT NULL,
    interested_user_id integer NOT NULL,
    created_at timestamp with time zone DEFAULT now() NOT NULL,
    status character varying(15) DEFAULT 'PENDING'::public.interest_status NOT NULL,
    CONSTRAINT check_status CHECK (((status)::text = ANY (ARRAY[('PENDING'::character varying)::text, ('ACCEPTED'::character varying)::text, ('DECLINED'::character varying)::text, ('CANCELLED'::character varying)::text])))
);


ALTER TABLE public.trade_interests_tbl OWNER TO postgres;

--
-- TOC entry 5304 (class 0 OID 0)
-- Dependencies: 252
-- Name: TABLE trade_interests_tbl; Type: COMMENT; Schema: public; Owner: postgres
--

COMMENT ON TABLE public.trade_interests_tbl IS 'Tracks users who expressed interest in trade requests';


--
-- TOC entry 253 (class 1259 OID 17065)
-- Name: trade_interests_tbl_trade_interests_id_seq; Type: SEQUENCE; Schema: public; Owner: postgres
--

ALTER TABLE public.trade_interests_tbl ALTER COLUMN trade_interests_id ADD GENERATED BY DEFAULT AS IDENTITY (
    SEQUENCE NAME public.trade_interests_tbl_trade_interests_id_seq
    START WITH 1
    INCREMENT BY 1
    NO MINVALUE
    NO MAXVALUE
    CACHE 1
);


--
-- TOC entry 254 (class 1259 OID 17066)
-- Name: tradehis_tbl; Type: TABLE; Schema: public; Owner: postgres
--

CREATE TABLE public.tradehis_tbl (
    tradehis_id integer NOT NULL,
    tradereq_id integer,
    completed_at timestamp with time zone,
    requester_proof character varying(255),
    responder_proof character varying(255),
    requester_proof_status character varying(20) DEFAULT 'PENDING'::character varying,
    responder_proof_status character varying(20) DEFAULT 'PENDING'::character varying,
    CONSTRAINT tradehis_tbl_requester_proof_status_check CHECK (((requester_proof_status)::text = ANY (ARRAY[('PENDING'::character varying)::text, ('APPROVED'::character varying)::text, ('REJECTED'::character varying)::text]))),
    CONSTRAINT tradehis_tbl_responder_proof_status_check CHECK (((responder_proof_status)::text = ANY (ARRAY[('PENDING'::character varying)::text, ('APPROVED'::character varying)::text, ('REJECTED'::character varying)::text])))
);


ALTER TABLE public.tradehis_tbl OWNER TO postgres;

--
-- TOC entry 255 (class 1259 OID 17075)
-- Name: tradehis_tbl_tradehis_id_seq; Type: SEQUENCE; Schema: public; Owner: postgres
--

CREATE SEQUENCE public.tradehis_tbl_tradehis_id_seq
    AS integer
    START WITH 1
    INCREMENT BY 1
    NO MINVALUE
    NO MAXVALUE
    CACHE 1;


ALTER SEQUENCE public.tradehis_tbl_tradehis_id_seq OWNER TO postgres;

--
-- TOC entry 5305 (class 0 OID 0)
-- Dependencies: 255
-- Name: tradehis_tbl_tradehis_id_seq; Type: SEQUENCE OWNED BY; Schema: public; Owner: postgres
--

ALTER SEQUENCE public.tradehis_tbl_tradehis_id_seq OWNED BY public.tradehis_tbl.tradehis_id;


--
-- TOC entry 256 (class 1259 OID 17076)
-- Name: tradereq_tbl; Type: TABLE; Schema: public; Owner: postgres
--

CREATE TABLE public.tradereq_tbl (
    tradereq_id integer NOT NULL,
    requester_id integer,
    responder_id integer,
    reqname character varying(255),
    reqdeadline date,
    status character varying(15),
    exchangename character varying(255),
    classifiedcategory character varying(100),
    created_at timestamp without time zone DEFAULT CURRENT_TIMESTAMP,
    requester_rated boolean DEFAULT false,
    responder_rated boolean DEFAULT false
);


ALTER TABLE public.tradereq_tbl OWNER TO postgres;

--
-- TOC entry 257 (class 1259 OID 17084)
-- Name: tradereq_tbl_tradereq_id_seq; Type: SEQUENCE; Schema: public; Owner: postgres
--

CREATE SEQUENCE public.tradereq_tbl_tradereq_id_seq
    AS integer
    START WITH 1
    INCREMENT BY 1
    NO MINVALUE
    NO MAXVALUE
    CACHE 1;


ALTER SEQUENCE public.tradereq_tbl_tradereq_id_seq OWNER TO postgres;

--
-- TOC entry 5306 (class 0 OID 0)
-- Dependencies: 257
-- Name: tradereq_tbl_tradereq_id_seq; Type: SEQUENCE OWNED BY; Schema: public; Owner: postgres
--

ALTER SEQUENCE public.tradereq_tbl_tradereq_id_seq OWNED BY public.tradereq_tbl.tradereq_id;


--
-- TOC entry 258 (class 1259 OID 17085)
-- Name: user_gen_rank_tbl; Type: TABLE; Schema: public; Owner: postgres
--

CREATE TABLE public.user_gen_rank_tbl (
    user_id integer NOT NULL,
    genskills_id integer NOT NULL,
    rank smallint NOT NULL,
    CONSTRAINT user_gen_rank_tbl_rank_check CHECK ((rank >= 1))
);


ALTER TABLE public.user_gen_rank_tbl OWNER TO postgres;

--
-- TOC entry 259 (class 1259 OID 17089)
-- Name: usercredentials_tbl; Type: TABLE; Schema: public; Owner: postgres
--

CREATE TABLE public.usercredentials_tbl (
    usercred_id integer NOT NULL,
    user_id integer NOT NULL,
    credential_title character varying(150),
    issuer character varying(150),
    issue_date date,
    expiry_date date,
    cred_id character varying(100),
    cred_url text,
    genskills_id integer,
    specskills_id integer,
    created_at timestamp without time zone DEFAULT CURRENT_TIMESTAMP
);


ALTER TABLE public.usercredentials_tbl OWNER TO postgres;

--
-- TOC entry 260 (class 1259 OID 17095)
-- Name: usercerts_tbl_cert_id_seq; Type: SEQUENCE; Schema: public; Owner: postgres
--

CREATE SEQUENCE public.usercerts_tbl_cert_id_seq
    AS integer
    START WITH 1
    INCREMENT BY 1
    NO MINVALUE
    NO MAXVALUE
    CACHE 1;


ALTER SEQUENCE public.usercerts_tbl_cert_id_seq OWNER TO postgres;

--
-- TOC entry 5307 (class 0 OID 0)
-- Dependencies: 260
-- Name: usercerts_tbl_cert_id_seq; Type: SEQUENCE OWNED BY; Schema: public; Owner: postgres
--

ALTER SEQUENCE public.usercerts_tbl_cert_id_seq OWNED BY public.usercredentials_tbl.usercred_id;


--
-- TOC entry 261 (class 1259 OID 17096)
-- Name: userinterests_tbl; Type: TABLE; Schema: public; Owner: postgres
--

CREATE TABLE public.userinterests_tbl (
    userinterests_id integer NOT NULL,
    user_id integer NOT NULL,
    genskills_id integer NOT NULL
);


ALTER TABLE public.userinterests_tbl OWNER TO postgres;

--
-- TOC entry 262 (class 1259 OID 17099)
-- Name: userinterests_tbl_usergeninterests_id_seq; Type: SEQUENCE; Schema: public; Owner: postgres
--

CREATE SEQUENCE public.userinterests_tbl_usergeninterests_id_seq
    AS integer
    START WITH 1
    INCREMENT BY 1
    NO MINVALUE
    NO MAXVALUE
    CACHE 1;


ALTER SEQUENCE public.userinterests_tbl_usergeninterests_id_seq OWNER TO postgres;

--
-- TOC entry 5308 (class 0 OID 0)
-- Dependencies: 262
-- Name: userinterests_tbl_usergeninterests_id_seq; Type: SEQUENCE OWNED BY; Schema: public; Owner: postgres
--

ALTER SEQUENCE public.userinterests_tbl_usergeninterests_id_seq OWNED BY public.userinterests_tbl.userinterests_id;


--
-- TOC entry 263 (class 1259 OID 17100)
-- Name: users_tbl; Type: TABLE; Schema: public; Owner: postgres
--

CREATE TABLE public.users_tbl (
    user_id integer NOT NULL,
    first_name character varying(100),
    last_name character varying(100),
    username character varying(50),
    email character varying(50),
    password character varying(100),
    profilepic character varying(100),
    bio character varying(150),
    location character varying(300),
    ratingcount integer DEFAULT 0,
    avgstars numeric(3,2) DEFAULT 0.00,
    tot_xppts integer DEFAULT 0,
    created_at timestamp without time zone DEFAULT CURRENT_TIMESTAMP,
    userverifyid character varying(100),
    links text,
    level integer DEFAULT 1 NOT NULL,
    is_verified boolean DEFAULT false NOT NULL,
    verification_status public.verification_status DEFAULT 'UNVERIFIED'::public.verification_status NOT NULL,
    is_active boolean DEFAULT true
);


ALTER TABLE public.users_tbl OWNER TO postgres;

--
-- TOC entry 264 (class 1259 OID 17113)
-- Name: users_tbl_user_id_seq; Type: SEQUENCE; Schema: public; Owner: postgres
--

CREATE SEQUENCE public.users_tbl_user_id_seq
    AS integer
    START WITH 1
    INCREMENT BY 1
    NO MINVALUE
    NO MAXVALUE
    CACHE 1;


ALTER SEQUENCE public.users_tbl_user_id_seq OWNER TO postgres;

--
-- TOC entry 5309 (class 0 OID 0)
-- Dependencies: 264
-- Name: users_tbl_user_id_seq; Type: SEQUENCE OWNED BY; Schema: public; Owner: postgres
--

ALTER SEQUENCE public.users_tbl_user_id_seq OWNED BY public.users_tbl.user_id;


--
-- TOC entry 265 (class 1259 OID 17114)
-- Name: userskills_tbl; Type: TABLE; Schema: public; Owner: postgres
--

CREATE TABLE public.userskills_tbl (
    userskills_id integer NOT NULL,
    user_id integer,
    specskills_id integer,
    created_at timestamp with time zone DEFAULT now() NOT NULL
);


ALTER TABLE public.userskills_tbl OWNER TO postgres;

--
-- TOC entry 266 (class 1259 OID 17118)
-- Name: userskills_tbl_userskills_id_seq; Type: SEQUENCE; Schema: public; Owner: postgres
--

CREATE SEQUENCE public.userskills_tbl_userskills_id_seq
    AS integer
    START WITH 1
    INCREMENT BY 1
    NO MINVALUE
    NO MAXVALUE
    CACHE 1;


ALTER SEQUENCE public.userskills_tbl_userskills_id_seq OWNER TO postgres;

--
-- TOC entry 5310 (class 0 OID 0)
-- Dependencies: 266
-- Name: userskills_tbl_userskills_id_seq; Type: SEQUENCE OWNED BY; Schema: public; Owner: postgres
--

ALTER SEQUENCE public.userskills_tbl_userskills_id_seq OWNED BY public.userskills_tbl.userskills_id;


--
-- TOC entry 4889 (class 2604 OID 17119)
-- Name: certspecskills_tbl certskill_id; Type: DEFAULT; Schema: public; Owner: postgres
--

ALTER TABLE ONLY public.certspecskills_tbl ALTER COLUMN certskill_id SET DEFAULT nextval('public.certspecskills_tbl_certskill_id_seq'::regclass);


--
-- TOC entry 4890 (class 2604 OID 17120)
-- Name: evaluation_tbl evaluation_id; Type: DEFAULT; Schema: public; Owner: postgres
--

ALTER TABLE ONLY public.evaluation_tbl ALTER COLUMN evaluation_id SET DEFAULT nextval('public.evaluation_tbl_evaluation_id_seq'::regclass);


--
-- TOC entry 4891 (class 2604 OID 17121)
-- Name: genskills_tbl genskills_id; Type: DEFAULT; Schema: public; Owner: postgres
--

ALTER TABLE ONLY public.genskills_tbl ALTER COLUMN genskills_id SET DEFAULT nextval('public.genskills_tbl_genskills_id_seq'::regclass);


--
-- TOC entry 4892 (class 2604 OID 17123)
-- Name: password_reset_token_tbl id; Type: DEFAULT; Schema: public; Owner: postgres
--

ALTER TABLE ONLY public.password_reset_token_tbl ALTER COLUMN id SET DEFAULT nextval('public.password_reset_token_tbl_id_seq'::regclass);


--
-- TOC entry 4894 (class 2604 OID 17124)
-- Name: repsys_tbl repsys_id; Type: DEFAULT; Schema: public; Owner: postgres
--

ALTER TABLE ONLY public.repsys_tbl ALTER COLUMN repsys_id SET DEFAULT nextval('public.repsys_tbl_repsys_id_seq'::regclass);


--
-- TOC entry 4895 (class 2604 OID 17125)
-- Name: specskills_tbl specskills_id; Type: DEFAULT; Schema: public; Owner: postgres
--

ALTER TABLE ONLY public.specskills_tbl ALTER COLUMN specskills_id SET DEFAULT nextval('public.specskills_tbl_specskills_id_seq'::regclass);


--
-- TOC entry 4896 (class 2604 OID 17126)
-- Name: supptix_tbl ticket_id; Type: DEFAULT; Schema: public; Owner: postgres
--

ALTER TABLE ONLY public.supptix_tbl ALTER COLUMN ticket_id SET DEFAULT nextval('public.supptix_tbl_ticket_id_seq'::regclass);


--
-- TOC entry 4898 (class 2604 OID 17127)
-- Name: trade_details_tbl tradedetails_id; Type: DEFAULT; Schema: public; Owner: postgres
--

ALTER TABLE ONLY public.trade_details_tbl ALTER COLUMN tradedetails_id SET DEFAULT nextval('public.trade_details_tbl_id_seq'::regclass);


--
-- TOC entry 4902 (class 2604 OID 17128)
-- Name: tradehis_tbl tradehis_id; Type: DEFAULT; Schema: public; Owner: postgres
--

ALTER TABLE ONLY public.tradehis_tbl ALTER COLUMN tradehis_id SET DEFAULT nextval('public.tradehis_tbl_tradehis_id_seq'::regclass);


--
-- TOC entry 4905 (class 2604 OID 17129)
-- Name: tradereq_tbl tradereq_id; Type: DEFAULT; Schema: public; Owner: postgres
--

ALTER TABLE ONLY public.tradereq_tbl ALTER COLUMN tradereq_id SET DEFAULT nextval('public.tradereq_tbl_tradereq_id_seq'::regclass);


--
-- TOC entry 4909 (class 2604 OID 17130)
-- Name: usercredentials_tbl usercred_id; Type: DEFAULT; Schema: public; Owner: postgres
--

ALTER TABLE ONLY public.usercredentials_tbl ALTER COLUMN usercred_id SET DEFAULT nextval('public.usercerts_tbl_cert_id_seq'::regclass);


--
-- TOC entry 4911 (class 2604 OID 17131)
-- Name: userinterests_tbl userinterests_id; Type: DEFAULT; Schema: public; Owner: postgres
--

ALTER TABLE ONLY public.userinterests_tbl ALTER COLUMN userinterests_id SET DEFAULT nextval('public.userinterests_tbl_usergeninterests_id_seq'::regclass);


--
-- TOC entry 4912 (class 2604 OID 17132)
-- Name: users_tbl user_id; Type: DEFAULT; Schema: public; Owner: postgres
--

ALTER TABLE ONLY public.users_tbl ALTER COLUMN user_id SET DEFAULT nextval('public.users_tbl_user_id_seq'::regclass);


--
-- TOC entry 4921 (class 2604 OID 17133)
-- Name: userskills_tbl userskills_id; Type: DEFAULT; Schema: public; Owner: postgres
--

ALTER TABLE ONLY public.userskills_tbl ALTER COLUMN userskills_id SET DEFAULT nextval('public.userskills_tbl_userskills_id_seq'::regclass);


--
-- TOC entry 5235 (class 0 OID 16954)
-- Dependencies: 215
-- Data for Name: auth_group; Type: TABLE DATA; Schema: public; Owner: postgres
--

COPY public.auth_group (id, name) FROM stdin;
\.


--
-- TOC entry 5237 (class 0 OID 16958)
-- Dependencies: 217
-- Data for Name: auth_group_permissions; Type: TABLE DATA; Schema: public; Owner: postgres
--

COPY public.auth_group_permissions (id, group_id, permission_id) FROM stdin;
\.


--
-- TOC entry 5239 (class 0 OID 16962)
-- Dependencies: 219
-- Data for Name: auth_permission; Type: TABLE DATA; Schema: public; Owner: postgres
--

COPY public.auth_permission (id, name, content_type_id, codename) FROM stdin;
1	Can add log entry	1	add_logentry
2	Can change log entry	1	change_logentry
3	Can delete log entry	1	delete_logentry
4	Can view log entry	1	view_logentry
5	Can add permission	2	add_permission
6	Can change permission	2	change_permission
7	Can delete permission	2	delete_permission
8	Can view permission	2	view_permission
9	Can add group	3	add_group
10	Can change group	3	change_group
11	Can delete group	3	delete_group
12	Can view group	3	view_group
13	Can add user	4	add_user
14	Can change user	4	change_user
15	Can delete user	4	delete_user
16	Can view user	4	view_user
17	Can add content type	5	add_contenttype
18	Can change content type	5	change_contenttype
19	Can delete content type	5	delete_contenttype
20	Can view content type	5	view_contenttype
21	Can add session	6	add_session
22	Can change session	6	change_session
23	Can delete session	6	delete_session
24	Can view session	6	view_session
25	Can add user	7	add_user
26	Can change user	7	change_user
27	Can delete user	7	delete_user
28	Can view user	7	view_user
29	Can add gen skill	8	add_genskill
30	Can change gen skill	8	change_genskill
31	Can delete gen skill	8	delete_genskill
32	Can view gen skill	8	view_genskill
33	Can add spec skill	9	add_specskill
34	Can change spec skill	9	change_specskill
35	Can delete spec skill	9	delete_specskill
36	Can view spec skill	9	view_specskill
37	Can add user credential	10	add_usercredential
38	Can change user credential	10	change_usercredential
39	Can delete user credential	10	delete_usercredential
40	Can view user credential	10	view_usercredential
41	Can add user interest	11	add_userinterest
42	Can change user interest	11	change_userinterest
43	Can delete user interest	11	delete_userinterest
44	Can view user interest	11	view_userinterest
45	Can add user skill	12	add_userskill
46	Can change user skill	12	change_userskill
47	Can delete user skill	12	delete_userskill
48	Can view user skill	12	view_userskill
49	Can add Blacklisted Token	13	add_blacklistedtoken
50	Can change Blacklisted Token	13	change_blacklistedtoken
51	Can delete Blacklisted Token	13	delete_blacklistedtoken
52	Can view Blacklisted Token	13	view_blacklistedtoken
53	Can add Outstanding Token	14	add_outstandingtoken
54	Can change Outstanding Token	14	change_outstandingtoken
55	Can delete Outstanding Token	14	delete_outstandingtoken
56	Can view Outstanding Token	14	view_outstandingtoken
57	Can add trade request	15	add_traderequest
58	Can change trade request	15	change_traderequest
59	Can delete trade request	15	delete_traderequest
60	Can view trade request	15	view_traderequest
61	Can add trade interest	16	add_tradeinterest
62	Can change trade interest	16	change_tradeinterest
63	Can delete trade interest	16	delete_tradeinterest
64	Can view trade interest	16	view_tradeinterest
65	Can add trade detail	17	add_tradedetail
66	Can change trade detail	17	change_tradedetail
67	Can delete trade detail	17	delete_tradedetail
68	Can view trade detail	17	view_tradedetail
69	Can add evaluation	18	add_evaluation
70	Can change evaluation	18	change_evaluation
71	Can delete evaluation	18	delete_evaluation
72	Can view evaluation	18	view_evaluation
73	Can add trade history	19	add_tradehistory
74	Can change trade history	19	change_tradehistory
75	Can delete trade history	19	delete_tradehistory
76	Can view trade history	19	view_tradehistory
77	Can add password reset token	20	add_passwordresettoken
78	Can change password reset token	20	change_passwordresettoken
79	Can delete password reset token	20	delete_passwordresettoken
80	Can view password reset token	20	view_passwordresettoken
81	Can add reputation system	21	add_reputationsystem
82	Can change reputation system	21	change_reputationsystem
83	Can delete reputation system	21	delete_reputationsystem
84	Can view reputation system	21	view_reputationsystem
85	Can add message	22	add_message
86	Can change message	22	change_message
87	Can delete message	22	delete_message
88	Can view message	22	view_message
89	Can add conversation	23	add_conversation
90	Can change conversation	23	change_conversation
91	Can delete conversation	23	delete_conversation
92	Can view conversation	23	view_conversation
\.


--
-- TOC entry 5241 (class 0 OID 16966)
-- Dependencies: 221
-- Data for Name: auth_user; Type: TABLE DATA; Schema: public; Owner: postgres
--

COPY public.auth_user (id, password, last_login, is_superuser, username, first_name, last_name, email, is_staff, is_active, date_joined) FROM stdin;
\.


--
-- TOC entry 5242 (class 0 OID 16971)
-- Dependencies: 222
-- Data for Name: auth_user_groups; Type: TABLE DATA; Schema: public; Owner: postgres
--

COPY public.auth_user_groups (id, user_id, group_id) FROM stdin;
\.


--
-- TOC entry 5245 (class 0 OID 16976)
-- Dependencies: 225
-- Data for Name: auth_user_user_permissions; Type: TABLE DATA; Schema: public; Owner: postgres
--

COPY public.auth_user_user_permissions (id, user_id, permission_id) FROM stdin;
\.


--
-- TOC entry 5247 (class 0 OID 16980)
-- Dependencies: 227
-- Data for Name: certspecskills_tbl; Type: TABLE DATA; Schema: public; Owner: postgres
--

COPY public.certspecskills_tbl (certskill_id, cert_id, specskills_id) FROM stdin;
\.


--
-- TOC entry 5288 (class 0 OID 17444)
-- Dependencies: 268
-- Data for Name: conversations_tbl; Type: TABLE DATA; Schema: public; Owner: postgres
--

COPY public.conversations_tbl (conversation_id, created_at, requester_id, responder_id, tradereq_id) FROM stdin;
1	2025-10-02 22:31:03.089546+08	6	5	13
2	2025-10-02 23:54:27.667942+08	6	5	14
\.


--
-- TOC entry 5249 (class 0 OID 16984)
-- Dependencies: 229
-- Data for Name: django_content_type; Type: TABLE DATA; Schema: public; Owner: postgres
--

COPY public.django_content_type (id, app_label, model) FROM stdin;
1	admin	logentry
2	auth	permission
3	auth	group
4	auth	user
5	contenttypes	contenttype
6	sessions	session
7	accounts	user
8	accounts	genskill
9	accounts	specskill
10	accounts	usercredential
11	accounts	userinterest
12	accounts	userskill
13	token_blacklist	blacklistedtoken
14	token_blacklist	outstandingtoken
15	accounts	traderequest
16	accounts	tradeinterest
17	accounts	tradedetail
18	accounts	evaluation
19	accounts	tradehistory
20	accounts	passwordresettoken
21	accounts	reputationsystem
22	accounts	message
23	accounts	conversation
\.


--
-- TOC entry 5251 (class 0 OID 16988)
-- Dependencies: 231
-- Data for Name: django_migrations; Type: TABLE DATA; Schema: public; Owner: postgres
--

COPY public.django_migrations (id, app, name, applied) FROM stdin;
1	contenttypes	0001_initial	2025-07-30 04:42:51.904435+08
2	auth	0001_initial	2025-07-30 04:42:52.030999+08
6	contenttypes	0002_remove_content_type_name	2025-07-30 04:42:52.096073+08
7	auth	0002_alter_permission_name_max_length	2025-07-30 04:42:52.107656+08
8	auth	0003_alter_user_email_max_length	2025-07-30 04:42:52.116667+08
9	auth	0004_alter_user_username_opts	2025-07-30 04:42:52.125487+08
10	auth	0005_alter_user_last_login_null	2025-07-30 04:42:52.13595+08
11	auth	0006_require_contenttypes_0002	2025-07-30 04:42:52.137861+08
12	auth	0007_alter_validators_add_error_messages	2025-07-30 04:42:52.145508+08
13	auth	0008_alter_user_username_max_length	2025-07-30 04:42:52.160082+08
14	auth	0009_alter_user_last_name_max_length	2025-07-30 04:42:52.171157+08
15	auth	0010_alter_group_name_max_length	2025-07-30 04:42:52.178166+08
16	auth	0011_update_proxy_permissions	2025-07-30 04:42:52.186669+08
17	auth	0012_alter_user_first_name_max_length	2025-07-30 04:42:52.193802+08
18	sessions	0001_initial	2025-07-30 04:42:52.209412+08
21	accounts	0001_initial	2025-09-14 06:16:51.935606+08
22	accounts	0002_genskill_specskill_usercredential_userinterest_and_more	2025-09-14 06:16:51.945589+08
23	accounts	0003_alter_user_options_alter_usercredential_options_and_more	2025-09-14 06:22:30.220917+08
24	accounts	0004_usercredential_genskills_id_and_more	2025-09-14 06:54:29.407351+08
25	accounts	0005_user_is_active	2025-09-14 16:33:00.979991+08
26	admin	0001_initial	2025-09-14 16:33:00.993321+08
27	admin	0002_logentry_remove_auto_add	2025-09-14 16:33:00.994851+08
28	admin	0003_logentry_add_action_flag_choices	2025-09-14 16:33:00.997185+08
29	token_blacklist	0001_initial	2025-09-16 01:07:08.748249+08
30	token_blacklist	0002_outstandingtoken_jti_hex	2025-09-16 01:07:08.758755+08
31	token_blacklist	0003_auto_20171017_2007	2025-09-16 01:07:08.774884+08
32	token_blacklist	0004_auto_20171017_2013	2025-09-16 01:07:08.789277+08
33	token_blacklist	0005_remove_outstandingtoken_jti	2025-09-16 01:07:08.805774+08
34	token_blacklist	0006_auto_20171017_2113	2025-09-16 01:07:08.821188+08
35	token_blacklist	0007_auto_20171017_2214	2025-09-16 01:07:08.864327+08
36	token_blacklist	0008_migrate_to_bigautofield	2025-09-16 01:07:08.916085+08
37	token_blacklist	0010_fix_migrate_to_bigautofield	2025-09-16 01:07:08.932895+08
38	token_blacklist	0011_linearizes_history	2025-09-16 01:07:08.935323+08
39	token_blacklist	0012_alter_outstandingtoken_user	2025-09-16 01:07:08.944392+08
40	token_blacklist	0013_alter_blacklistedtoken_options_and_more	2025-09-16 01:07:08.956445+08
41	accounts	0006_alter_user_profilepic_alter_user_userverifyid	2025-09-18 17:49:30.678222+08
42	accounts	0007_traderequest	2025-09-18 18:47:50.332201+08
43	accounts	0008_remove_traderequest_genskills_traderequest_status_and_more	2025-09-20 04:38:39.330327+08
44	accounts	0009_alter_traderequest_status_tradeinterest	2025-09-20 11:52:22.0954+08
45	accounts	0010_tradeinterest_status_alter_traderequest_status_and_more	2025-09-21 15:00:16.538762+08
46	accounts	0011_remove_traderequest_specskills_traderequest_exchange_and_more	2025-09-21 21:28:42.225625+08
47	accounts	0012_remove_traderequest_contextpic_and_more	2025-09-22 03:48:32.690872+08
48	accounts	0013_tradedetail_total_xp	2025-09-22 04:54:45.284594+08
49	accounts	0014_remove_tradedetail_id_tradedetail_tradedetails_id_and_more	2025-09-22 18:07:28.912524+08
50	accounts	0015_evaluation	2025-09-22 22:01:56.231968+08
51	accounts	0016_alter_tradeinterest_options_and_more	2025-09-23 04:11:17.792306+08
52	accounts	0017_evaluation_requester_evaluation_status_and_more	2025-09-23 16:47:03.354197+08
53	accounts	0018_remove_tradeinterest_evaluation_status	2025-09-23 17:05:18.351583+08
54	accounts	0019_traderequest_created_at	2025-09-23 17:29:20.213192+08
55	accounts	0020_remove_evaluation_created_at_remove_evaluation_id_and_more	2025-09-23 17:50:58.083326+08
56	accounts	0021_tradehistory	2025-09-24 00:49:22.008979+08
57	accounts	0022_passwordresettoken_reputationsystem	2025-09-25 22:40:58.994483+08
58	accounts	0023_remove_reputationsystem_rated_at_and_more	2025-09-26 01:52:27.490139+08
59	accounts	0002_alter_usercredential_specskills_id	2025-09-28 02:05:46.575902+08
60	accounts	0024_alter_usercredential_specskills_id	2025-09-30 21:27:57.688847+08
61	accounts	0002_load_general_skills	2025-10-02 21:21:27.153516+08
62	accounts	0003_load_specialized_skills	2025-10-02 22:21:45.988139+08
63	accounts	0004_conversation_message	2025-10-02 22:30:12.706843+08
\.


--
-- TOC entry 5253 (class 0 OID 16994)
-- Dependencies: 233
-- Data for Name: django_session; Type: TABLE DATA; Schema: public; Owner: postgres
--

COPY public.django_session (session_key, session_data, expire_date) FROM stdin;
\.


--
-- TOC entry 5254 (class 0 OID 16999)
-- Dependencies: 234
-- Data for Name: evaluation_tbl; Type: TABLE DATA; Schema: public; Owner: postgres
--

COPY public.evaluation_tbl (evaluation_id, tradereq_id, taskcomplexity, timecommitment, skilllevel, evaluationdescription, requester_evaluation_status, responder_evaluation_status, requester_responded_at, responder_responded_at) FROM stdin;
1	3	50	40	50	This trade between Nehemiah and Irah involves moderate tasks with low time commitment and requires intermediate skill levels. The exchange of Dog Watcher for Language & Translation offers valuable learning opportunities for both parties and represents a well-balanced trade arrangement.	CONFIRMED	CONFIRMED	2025-09-30 18:40:04.528365	2025-09-30 18:58:01.157188
2	2	70	65	60	This trade between Francis and Ellianna involves moderate tasks with moderate time commitment and requires intermediate skill levels. The exchange of Chef for Digital & Social Media offers valuable learning opportunities for both parties and represents a well-balanced trade arrangement.	CONFIRMED	CONFIRMED	2025-09-30 19:00:51.907787	2025-09-30 19:00:59.869352
3	1	50	40	60	This trade between Ellianna and Francis involves moderate tasks with low time commitment and requires intermediate skill levels. The exchange of Plumbing for Digital & Social Media offers valuable learning opportunities for both parties and represents a well-balanced trade arrangement.	\N	\N	\N	\N
\.


--
-- TOC entry 5256 (class 0 OID 17007)
-- Dependencies: 236
-- Data for Name: genskills_tbl; Type: TABLE DATA; Schema: public; Owner: postgres
--

COPY public.genskills_tbl (genskills_id, gencateg) FROM stdin;
1	Creative & Design
2	Technical & IT
3	Business & Management
4	Communication & Interpersonal
5	Health & Wellness
6	Education & Training
7	Home & Lifestyle
8	Handiwork & Maintenance
9	Digital & Social Media
10	Language & Translation
11	Financial & Accounting
12	Sports & Fitness
13	Arts & Performance
14	Culture & Diversity
15	Research & Critical Thinking
\.


--
-- TOC entry 5290 (class 0 OID 17450)
-- Dependencies: 270
-- Data for Name: messages_tbl; Type: TABLE DATA; Schema: public; Owner: postgres
--

COPY public.messages_tbl (message_id, content, created_at, conversation_id, sender_id) FROM stdin;
1	dwadadawdawdawdaw	2025-10-02 22:34:51.752362+08	1	5
2	dwadawdawdaw	2025-10-02 22:34:53.558526+08	1	5
3	dwadadwadawdaw	2025-10-02 22:34:55.292665+08	1	5
4	dwadadawd	2025-10-02 22:34:59.945271+08	1	6
5	TRADER	2025-10-02 22:35:12.19701+08	1	6
8	dwadawdadadada	2025-10-02 22:50:10.892142+08	1	5
9	bdajdba;jawbjdbajkbwd	2025-10-02 22:56:32.72443+08	1	5
10	dbaiodbadbadbdoadba	2025-10-02 22:56:33.972874+08	1	5
11	bowidbaodwudbaoidbauodb	2025-10-02 22:56:35.261014+08	1	5
12	dbauodbaouddubadoaubdbdw	2025-10-02 22:56:36.504776+08	1	5
13	bdouabdaubdaodbadoaudba	2025-10-02 22:56:37.707808+08	1	5
14	bduoadbaoduabdaoudbad	2025-10-02 22:56:38.837098+08	1	5
15	dawdaddddadawd	2025-10-02 23:51:51.873463+08	1	5
16	bdadbowubaodbauobwaodub;owujbd;ajodb	2025-10-02 23:52:00.477218+08	1	5
17	dwadadadadawdaw	2025-10-02 23:52:27.658263+08	1	5
18	HELLO PO	2025-10-02 23:53:35.013297+08	1	5
\.


--
-- TOC entry 5258 (class 0 OID 17019)
-- Dependencies: 238
-- Data for Name: password_reset_token_tbl; Type: TABLE DATA; Schema: public; Owner: postgres
--

COPY public.password_reset_token_tbl (id, user_id, token, created_at, expires_at) FROM stdin;
\.


--
-- TOC entry 5260 (class 0 OID 17024)
-- Dependencies: 240
-- Data for Name: repsys_tbl; Type: TABLE DATA; Schema: public; Owner: postgres
--

COPY public.repsys_tbl (repsys_id, tradereq_id, requester_starcount, responder_starcount, requester_rating_desc, responder_rating_desc, requester_rated_at, responder_rated_at) FROM stdin;
\.


--
-- TOC entry 5262 (class 0 OID 17031)
-- Dependencies: 242
-- Data for Name: specskills_tbl; Type: TABLE DATA; Schema: public; Owner: postgres
--

COPY public.specskills_tbl (specskills_id, genskills_id, speccateg) FROM stdin;
1	1	Graphic Design
2	1	Photography
3	1	Video Editing
4	1	Illustration
5	1	Animation
6	2	Web Development
7	2	Software Development
8	2	IT Support
9	2	Network Administration
10	2	Cybersecurity
11	3	Project Management
12	3	Business Consulting
13	3	Human Resources
14	3	Operations Management
15	3	Marketing Strategy
16	4	Customer Service
17	4	Public Relations
18	4	Copywriting
21	5	Nutrition Coaching
22	5	Personal Training
23	5	Mental Health Counseling
24	5	Yoga Instruction
26	6	Tutoring
27	6	Language Instruction
28	6	Corporate Training
29	6	Curriculum Development
30	6	Test Preparation
31	7	Interior Decorating
32	7	Cleaning Services
33	7	Gardening
34	7	Event Planning
35	7	Personal Assistance
36	8	Furniture Assembly
37	8	Sewing & Alterations
38	8	Handyman Services
39	8	Painting & Decorating
40	8	Crafting
41	9	Social Media Management
42	9	Content Creation
43	9	SEO
44	9	Digital Advertising
45	9	Email Marketing
46	10	Translation
47	10	Interpretation
48	10	Language Tutoring
49	10	Transcription
50	10	Localization
51	11	Bookkeeping
52	11	Tax Preparation
53	11	Financial Planning
54	11	Payroll Services
55	11	Auditing
56	12	Personal Training
57	12	Group Fitness Instruction
58	12	Sports Coaching
59	12	Nutrition for Athletes
60	12	Physical Therapy
61	13	Music Lessons
62	13	Dance Instruction
63	13	Acting Coaching
64	13	Visual Arts
65	13	Creative Writing
66	14	Diversity Training
67	14	Cultural Consulting
68	14	Language & Cultural Exchange
69	14	Community Outreach
70	14	Inclusion Workshops
71	15	Market Research
72	15	Data Analysis
73	15	Academic Research
74	15	Competitive Analysis
75	15	Strategic Planning
19	4	Multilingual Communication
20	4	Online Community Engagement
25	5	Fitness Coaching
\.


--
-- TOC entry 5264 (class 0 OID 17035)
-- Dependencies: 244
-- Data for Name: supptix_tbl; Type: TABLE DATA; Schema: public; Owner: postgres
--

COPY public.supptix_tbl (ticket_id, user_id, ticket_name, ticket_email, ticket_title, ticket_desc, ticket_pic, ticket_datesubmitted) FROM stdin;
\.


--
-- TOC entry 5266 (class 0 OID 17042)
-- Dependencies: 246
-- Data for Name: token_blacklist_blacklistedtoken; Type: TABLE DATA; Schema: public; Owner: postgres
--

COPY public.token_blacklist_blacklistedtoken (id, blacklisted_at, token_id) FROM stdin;
1	2025-10-01 01:57:25.151698+08	1
2	2025-10-01 02:00:07.011667+08	2
3	2025-10-01 02:06:00.10395+08	3
4	2025-10-01 02:58:16.177373+08	4
5	2025-10-01 02:58:20.714687+08	5
6	2025-10-02 21:35:58.274094+08	8
7	2025-10-02 21:37:03.298625+08	10
8	2025-10-02 23:33:13.720456+08	13
9	2025-10-02 23:41:56.275362+08	12
\.


--
-- TOC entry 5268 (class 0 OID 17046)
-- Dependencies: 248
-- Data for Name: token_blacklist_outstandingtoken; Type: TABLE DATA; Schema: public; Owner: postgres
--

COPY public.token_blacklist_outstandingtoken (id, token, created_at, expires_at, user_id, jti) FROM stdin;
1	eyJhbGciOiJIUzI1NiIsInR5cCI6IkpXVCJ9.eyJ0b2tlbl90eXBlIjoicmVmcmVzaCIsImV4cCI6MTc1OTg1OTY1MSwiaWF0IjoxNzU5MjU0ODUxLCJqdGkiOiJkNjZmMjE4YTE2YzM0MmM5ODI1ZmNlYjcyNzQ2OTI5MyIsInVzZXJfaWQiOiIxIn0.DID7SallL7d4xaZ5IMmP5vp6bJh3UO612JTLX2LOczs	2025-10-01 01:54:11.483798+08	2025-10-08 01:54:11+08	1	d66f218a16c342c9825fceb727469293
2	eyJhbGciOiJIUzI1NiIsInR5cCI6IkpXVCJ9.eyJ0b2tlbl90eXBlIjoicmVmcmVzaCIsImV4cCI6MTc1OTg1OTkzMywiaWF0IjoxNzU5MjU1MTMzLCJqdGkiOiJmYjRlM2Q3ODRiNmQ0YjNiOTM3MDA1MWQ5MjkxNjJhMiIsInVzZXJfaWQiOiIyIn0.hcNmZfcMtWo_a796eceVV_gAcTiLBeUNcG7bPQYdCy4	2025-10-01 01:58:53.972541+08	2025-10-08 01:58:53+08	2	fb4e3d784b6d4b3b9370051d929162a2
3	eyJhbGciOiJIUzI1NiIsInR5cCI6IkpXVCJ9.eyJ0b2tlbl90eXBlIjoicmVmcmVzaCIsImV4cCI6MTc1OTg2MDA2NCwiaWF0IjoxNzU5MjU1MjY0LCJqdGkiOiJhZWM2MDM4M2MwMTM0ZTBjODRlNjY1ZmI1M2VlNDEyMSIsInVzZXJfaWQiOiIzIn0.3jhc2z4kapi9ZSCtenQ5GUjXDe5LLgwmVhOriWEprT8	2025-10-01 02:01:04.361031+08	2025-10-08 02:01:04+08	3	aec60383c0134e0c84e665fb53ee4121
4	eyJhbGciOiJIUzI1NiIsInR5cCI6IkpXVCJ9.eyJ0b2tlbl90eXBlIjoicmVmcmVzaCIsImV4cCI6MTc1OTg2MDQyNSwiaWF0IjoxNzU5MjU1NjI1LCJqdGkiOiJkM2RlYzQ3ODg3NjY0YmZmOGI3YzM0NTEyNjA2ZTU5NSIsInVzZXJfaWQiOiI0In0.3o2Gb9jpeAaTQ0wMaRMF5XUNCSKB5RKDQ35TQzXC2sM	2025-10-01 02:07:05.951099+08	2025-10-08 02:07:05+08	4	d3dec47887664bff8b7c34512606e595
5	eyJhbGciOiJIUzI1NiIsInR5cCI6IkpXVCJ9.eyJ0b2tlbl90eXBlIjoicmVmcmVzaCIsImV4cCI6MTc1OTg2MTk3NiwiaWF0IjoxNzU5MjU3MTc2LCJqdGkiOiIxZjk4ZjA5YzY3ODg0NWZmYjY0NGJjOTFhYWZlZmZlNSIsInVzZXJfaWQiOiIzIn0.Tu2RX3OFz9UoXn-eg7lESRAmgAwd_mL24uEpD9y66yc	2025-10-01 02:32:56.528192+08	2025-10-08 02:32:56+08	3	1f98f09c678845ffb644bc91aafeffe5
6	eyJhbGciOiJIUzI1NiIsInR5cCI6IkpXVCJ9.eyJ0b2tlbl90eXBlIjoicmVmcmVzaCIsImV4cCI6MTc1OTg2MzUxMSwiaWF0IjoxNzU5MjU4NzExLCJqdGkiOiJlN2UxNTc3MDFhYzk0ZjhhOWRiNTQxZWZlYzE4YWMxOCIsInVzZXJfaWQiOiIyIn0.orPcjTpO5gUJdIVukRtXWSLiP5L-1VS0s50IYzrKEtw	2025-10-01 02:58:31.78855+08	2025-10-08 02:58:31+08	2	e7e157701ac94f8a9db541efec18ac18
7	eyJhbGciOiJIUzI1NiIsInR5cCI6IkpXVCJ9.eyJ0b2tlbl90eXBlIjoicmVmcmVzaCIsImV4cCI6MTc1OTg2MzUxOCwiaWF0IjoxNzU5MjU4NzE4LCJqdGkiOiI4NGU3NTM2YjlmZWI0YzVjYWNjYzRlMDM4Y2EwOGQ3YiIsInVzZXJfaWQiOiIxIn0.pZvLo9uFjbWmAcKL9eIdCVhpRMXOdwDfMWwTFPcnD68	2025-10-01 02:58:38.186088+08	2025-10-08 02:58:38+08	1	84e7536b9feb4c5caccc4e038ca08d7b
8	eyJhbGciOiJIUzI1NiIsInR5cCI6IkpXVCJ9.eyJ0b2tlbl90eXBlIjoicmVmcmVzaCIsImV4cCI6MTc2MDAxMDMxNCwiaWF0IjoxNzU5NDA1NTE0LCJqdGkiOiIxZjZmNGM4MmQyZWE0MTkyOTllZGVhNzAzMjU3YTljYyIsInVzZXJfaWQiOiIyIn0.ILo0ikkQxHjfDp32GGa55xSxCzduXo447Dx03oE_n5E	2025-10-02 21:35:58.121888+08	2025-10-09 19:45:14+08	2	1f6f4c82d2ea419299edea703257a9cc
9	eyJhbGciOiJIUzI1NiIsInR5cCI6IkpXVCJ9.eyJ0b2tlbl90eXBlIjoicmVmcmVzaCIsImV4cCI6MTc2MDAxNjk1OCwiaWF0IjoxNzU5NDEyMTU4LCJqdGkiOiIyZTMwMmE0YmQxNWM0Mjg4OTgwNjNlMDVlMjkwY2M4MiIsInVzZXJfaWQiOiIyIn0.Joknr8yyS96pHQIvFLcgBTgUk1oK50xNnOQEQAlKhvc	2025-10-02 21:35:58.121888+08	2025-10-09 21:35:58+08	2	2e302a4bd15c428898063e05e290cc82
10	eyJhbGciOiJIUzI1NiIsInR5cCI6IkpXVCJ9.eyJ0b2tlbl90eXBlIjoicmVmcmVzaCIsImV4cCI6MTc2MDAxMDM3MiwiaWF0IjoxNzU5NDA1NTcyLCJqdGkiOiJmZjFiYjFlNDBiNDM0NjljOWE0OTFiZWMyMjE3NjcxMSIsInVzZXJfaWQiOiIxIn0.mc6VoQzu72nVBjyzMsdR9Wh4-c9K1fpgUwlbFmHsDeY	2025-10-02 21:37:03.228199+08	2025-10-09 19:46:12+08	1	ff1bb1e40b43469c9a491bec22176711
11	eyJhbGciOiJIUzI1NiIsInR5cCI6IkpXVCJ9.eyJ0b2tlbl90eXBlIjoicmVmcmVzaCIsImV4cCI6MTc2MDAxNzAyMywiaWF0IjoxNzU5NDEyMjIzLCJqdGkiOiI3MjYzOTk5NWEwMzI0NmQ2YmJiZGY5M2FlNjNlMDJlMyIsInVzZXJfaWQiOiIxIn0.NysACP6ZF6xe9fJKINYKrgth_rMhjTNm_N3_Q0GdVwc	2025-10-02 21:37:03.228199+08	2025-10-09 21:37:03+08	1	72639995a03246d6bbbdf93ae63e02e3
12	eyJhbGciOiJIUzI1NiIsInR5cCI6IkpXVCJ9.eyJ0b2tlbl90eXBlIjoicmVmcmVzaCIsImV4cCI6MTc2MDAxNzM3MCwiaWF0IjoxNzU5NDEyNTcwLCJqdGkiOiIxY2ZlODM1NWIzZTE0YjAyYjEwZTEwN2Y5MmZkMjI4NiIsInVzZXJfaWQiOiI1In0.X_4qAZuk7-ZN4xpweJhEh_3nPYD6uGHXSqllol5Gaps	2025-10-02 21:42:50.117549+08	2025-10-09 21:42:50+08	5	1cfe8355b3e14b02b10e107f92fd2286
13	eyJhbGciOiJIUzI1NiIsInR5cCI6IkpXVCJ9.eyJ0b2tlbl90eXBlIjoicmVmcmVzaCIsImV4cCI6MTc2MDAxNzM4OCwiaWF0IjoxNzU5NDEyNTg4LCJqdGkiOiI4NDkxMDA4MjM0NmY0ZDU5ODI0NjlkZjk4YmM0YTI1NCIsInVzZXJfaWQiOiI2In0.Warh9aTiMh083KdJhLL6EjBTRo8L0DF4iIqnzmNIGAg	2025-10-02 21:43:08.238949+08	2025-10-09 21:43:08+08	6	84910082346f4d5982469df98bc4a254
14	eyJhbGciOiJIUzI1NiIsInR5cCI6IkpXVCJ9.eyJ0b2tlbl90eXBlIjoicmVmcmVzaCIsImV4cCI6MTc2MDAyMzk5MywiaWF0IjoxNzU5NDE5MTkzLCJqdGkiOiI5MjMxMzNhYThhNjA0MzA0OTBhZjA3MTI4Yzk3NmQ1ZSIsInVzZXJfaWQiOiI2In0.ryX3q5-ycTizKjqibFJ50mRiYTDmWv11Dy2QxtDJvN8	2025-10-02 23:33:13.560425+08	2025-10-09 23:33:13+08	6	923133aa8a60430490af07128c976d5e
15	eyJhbGciOiJIUzI1NiIsInR5cCI6IkpXVCJ9.eyJ0b2tlbl90eXBlIjoicmVmcmVzaCIsImV4cCI6MTc2MDAyNDUxNiwiaWF0IjoxNzU5NDE5NzE2LCJqdGkiOiI5MTlkZDcxZWQzZDI0NjY0ODY4NjYxMTE4MDJlZDlmMyIsInVzZXJfaWQiOiI1In0.xgyM7bmBpxWgn_RxY29ZBTnbENilfQ0VAhD50qJoyZQ	2025-10-02 23:41:56.235555+08	2025-10-09 23:41:56+08	5	919dd71ed3d2466486866111802ed9f3
16	eyJhbGciOiJIUzI1NiIsInR5cCI6IkpXVCJ9.eyJ0b2tlbl90eXBlIjoicmVmcmVzaCIsImV4cCI6MTc2MDAyNDY4MywiaWF0IjoxNzU5NDE5ODgzLCJqdGkiOiI4MTZjMDljNWExYTE0NzMxYjI0YTI2OTg3MTJkYjBkNyIsInVzZXJfaWQiOiI2In0.PR2IGOmATmIpJtLBJHlCfDfO4DiMU9NzRYFrCKs34PA	2025-10-02 23:44:43.10004+08	2025-10-09 23:44:43+08	6	816c09c5a1a14731b24a2698712db0d7
17	eyJhbGciOiJIUzI1NiIsInR5cCI6IkpXVCJ9.eyJ0b2tlbl90eXBlIjoicmVmcmVzaCIsImV4cCI6MTc2MDAyNDcwNSwiaWF0IjoxNzU5NDE5OTA1LCJqdGkiOiIwZWQ3MGY0MDA5Y2E0NzJjOTc0ZmVhZjE0YWY2YTAwZiIsInVzZXJfaWQiOiI1In0.4RSmzixEg7w1ROKBfWhxYvAO7ZkKv-SlAKjSgp8RKBQ	2025-10-02 23:45:05.126792+08	2025-10-09 23:45:05+08	5	0ed70f4009ca472c974feaf14af6a00f
18	eyJhbGciOiJIUzI1NiIsInR5cCI6IkpXVCJ9.eyJ0b2tlbl90eXBlIjoicmVmcmVzaCIsImV4cCI6MTc2MDE2MDExOCwiaWF0IjoxNzU5NTU1MzE4LCJqdGkiOiI3M2ZiMWRlZDgzNzg0M2I5YWNkOWEwZmIxOGQzMTVlNCIsInVzZXJfaWQiOiI2In0.yTv7TE7ObWnkWn4x_8FmmjNB7On8h6Oe97UBbWnQb-k	2025-10-04 13:21:58.384947+08	2025-10-11 13:21:58+08	6	73fb1ded837843b9acd9a0fb18d315e4
\.


--
-- TOC entry 5270 (class 0 OID 17052)
-- Dependencies: 250
-- Data for Name: trade_details_tbl; Type: TABLE DATA; Schema: public; Owner: postgres
--

COPY public.trade_details_tbl (tradedetails_id, tradereq_id, user_id, skillprof, modedel, reqtype, contextpic, reqbio, created_at, total_xp) FROM stdin;
1	3	4	BEGINNER	ONSITE	OUTPUT	requestcontext_pics/tradebg1_GK7zuRx.jpg	wowwwww language and translation yes opo tama	2025-09-30 18:38:50.817627	250
2	3	3	INTERMEDIATE	ONSITE	SERVICE		pakibantayan po aso ko dalawa yung isa may anger issues pero di nangangagat	2025-09-30 18:39:37.872322	350
3	2	1	INTERMEDIATE	HYBRID	PROJECT		kasi may event tas online yes tama oo ayon	2025-09-30 18:59:47.230767	550
4	2	2	INTERMEDIATE	ONSITE	SERVICE	requestcontext_pics/tradebg3.jpg	luto food 3-course meel sheesh	2025-09-30 19:00:13.074538	350
5	1	1	ADVANCED	ONSITE	SERVICE		nagbara lababo pls help	2025-09-30 19:01:47.918942	400
6	1	2	BEGINNER	ONLINE	OUTPUT		help me sa socmeds	2025-09-30 19:02:06.850769	225
9	14	5	BEGINNER	HYBRID	OUTPUT	requestcontext_pics/10.jpg	dawdawdadadw	2025-10-02 16:03:55.204148	300
10	13	5	INTERMEDIATE	HYBRID	PROJECT	requestcontext_pics/11.jpg	dawddawdadawdwa	2025-10-02 16:04:05.802763	550
11	14	6	INTERMEDIATE	HYBRID	OUTPUT	requestcontext_pics/cold-sores-symptoms-diagnosis-722x406_0lDHfU9.webp	dawdadadaw	2025-10-02 16:04:18.218862	350
12	13	6	BEGINNER	ONLINE	OUTPUT	requestcontext_pics/Naruto27s_Sage_Mode_ylfXhXb.webp	dawddadawdada	2025-10-02 16:04:29.621725	225
\.


--
-- TOC entry 5272 (class 0 OID 17059)
-- Dependencies: 252
-- Data for Name: trade_interests_tbl; Type: TABLE DATA; Schema: public; Owner: postgres
--

COPY public.trade_interests_tbl (trade_interests_id, tradereq_id, interested_user_id, created_at, status) FROM stdin;
1	3	4	2025-10-01 02:32:34.494972+08	ACCEPTED
2	2	1	2025-10-01 02:58:49.190728+08	ACCEPTED
3	1	2	2025-10-01 03:01:17.00415+08	ACCEPTED
10	13	5	2025-10-02 22:30:55.344968+08	ACCEPTED
11	14	5	2025-10-02 23:54:20.907691+08	ACCEPTED
\.


--
-- TOC entry 5274 (class 0 OID 17066)
-- Dependencies: 254
-- Data for Name: tradehis_tbl; Type: TABLE DATA; Schema: public; Owner: postgres
--

COPY public.tradehis_tbl (tradehis_id, tradereq_id, completed_at, requester_proof, responder_proof, requester_proof_status, responder_proof_status) FROM stdin;
1	2	\N	trade_proofs/requester/cold-sores-symptoms-diagnosis-722x406.webp		PENDING	PENDING
\.


--
-- TOC entry 5276 (class 0 OID 17076)
-- Dependencies: 256
-- Data for Name: tradereq_tbl; Type: TABLE DATA; Schema: public; Owner: postgres
--

COPY public.tradereq_tbl (tradereq_id, requester_id, responder_id, reqname, reqdeadline, status, exchangename, classifiedcategory, created_at, requester_rated, responder_rated) FROM stdin;
4	4	\N	Grocery Shopping	2025-12-02	\N	\N	\N	2025-09-30 18:07:39.008154	f	f
3	3	4	Dog Watcher	2025-12-03	ACTIVE	Language & Translation	\N	2025-09-30 18:01:12.14823	f	f
2	2	1	Chef	2025-11-16	ACTIVE	Digital & Social Media	\N	2025-09-30 17:59:05.614965	f	f
1	1	2	Plumbing	2025-11-02	PENDING	Digital & Social Media	\N	2025-09-30 17:54:24.479267	f	f
5	1	\N	Plumbing	2025-10-10	\N	\N	\N	2025-10-02 13:27:54.241557	f	f
6	1	\N	TANGA	2025-10-31	\N	\N	\N	2025-10-02 13:37:12.561268	f	f
14	6	5	CANTON	2025-10-02	ACTIVE	Creative & Design	\N	2025-10-02 15:54:11.257084	f	f
13	6	5	dwadadawdawdad	2025-10-23	ACTIVE	Creative & Design	\N	2025-10-02 14:30:49.400822	f	f
\.


--
-- TOC entry 5278 (class 0 OID 17085)
-- Dependencies: 258
-- Data for Name: user_gen_rank_tbl; Type: TABLE DATA; Schema: public; Owner: postgres
--

COPY public.user_gen_rank_tbl (user_id, genskills_id, rank) FROM stdin;
\.


--
-- TOC entry 5279 (class 0 OID 17089)
-- Dependencies: 259
-- Data for Name: usercredentials_tbl; Type: TABLE DATA; Schema: public; Owner: postgres
--

COPY public.usercredentials_tbl (usercred_id, user_id, credential_title, issuer, issue_date, expiry_date, cred_id, cred_url, genskills_id, specskills_id, created_at) FROM stdin;
\.


--
-- TOC entry 5281 (class 0 OID 17096)
-- Dependencies: 261
-- Data for Name: userinterests_tbl; Type: TABLE DATA; Schema: public; Owner: postgres
--

COPY public.userinterests_tbl (userinterests_id, user_id, genskills_id) FROM stdin;
1	1	2
2	1	9
3	1	7
4	2	9
5	2	6
6	2	1
7	3	10
8	3	6
9	3	2
10	4	7
11	4	10
12	4	14
13	5	5
14	5	10
15	5	4
16	5	3
17	5	2
18	5	1
19	6	2
20	6	1
21	6	3
22	6	4
23	6	5
24	6	10
\.


--
-- TOC entry 5283 (class 0 OID 17100)
-- Dependencies: 263
-- Data for Name: users_tbl; Type: TABLE DATA; Schema: public; Owner: postgres
--

COPY public.users_tbl (user_id, first_name, last_name, username, email, password, profilepic, bio, location, ratingcount, avgstars, tot_xppts, created_at, userverifyid, links, level, is_verified, verification_status, is_active) FROM stdin;
1	Ellianna	Principe	elliannadp	elliannaprincipe06@gmail.com	pbkdf2_sha256$1000000$BjUl1iA18osamtIr3vE8Hp$EVYyFeGqu7a0iDlsAJeSqcKkdafnifLHjbupczmYCHY=	profile_pics/AAAA_83r5zNa.jpg	merry christmas	Pomelo Street Rosario, Rodriguez, Rizal, Philippines	0	0.00	0	2025-09-30 17:54:09.555197		"[\\"instagram.com/ellianna.dp\\"]"	1	f	UNVERIFIED	t
2	Francis	Chuaunsu	fjaeeee	chuaunsufrancis@gmail.com	pbkdf2_sha256$1000000$aG80NQMtWkSlzxQxHDYEPv$jogfx1kt2pYqsxb9Q7mTgTZP7AP0bZX9jHKBkzPQauw=	profile_pics/CCCCC.jpg		32 Santan Street Parang, Marikina, Philippines	0	0.00	0	2025-09-30 17:58:51.911164		""	1	f	UNVERIFIED	t
3	Nehemiah	Dizon	nehemdizon	nehem.dizon@gmail.com	pbkdf2_sha256$1000000$JMpe3t056x6Sf7cMp3yPFE$qXaENVrRCX/GljoGcjfP/6uFBt+eZhoFjb9L2sacfUA=	profile_pics/BBB_fs3NmPK.jpg	yeahhhhhhhhhhhh	M. L. Quezon Street Parang, Marikina, Philippines	0	0.00	0	2025-09-30 18:01:02.418471		""	1	f	UNVERIFIED	t
4	Irah	Lumbera	irahrap	ayrahpunzel@gmail.com	pbkdf2_sha256$1000000$EUgY56KVeMH60CbNlwBsLE$eQoWYpVfd18kHPyeEWvdWxtdy8kpWk2BkKDECwXhDCs=	profile_pics/GGGG.jpg	booooogsh	Daang Hari Rosario, Rodriguez, Rizal, Philippines	0	0.00	0	2025-09-30 18:07:04.071208		""	1	f	UNVERIFIED	t
\.


--
-- TOC entry 5285 (class 0 OID 17114)
-- Dependencies: 265
-- Data for Name: userskills_tbl; Type: TABLE DATA; Schema: public; Owner: postgres
--

COPY public.userskills_tbl (userskills_id, user_id, specskills_id, created_at) FROM stdin;
1	1	6	2025-10-01 01:54:09.63671+08
2	1	8	2025-10-01 01:54:09.6453+08
3	1	35	2025-10-01 01:54:09.648813+08
4	1	32	2025-10-01 01:54:09.657505+08
5	1	34	2025-10-01 01:54:09.661882+08
6	1	43	2025-10-01 01:54:09.671019+08
7	2	4	2025-10-01 01:58:52.002094+08
8	2	2	2025-10-01 01:58:52.012355+08
9	2	26	2025-10-01 01:58:52.016516+08
10	2	30	2025-10-01 01:58:52.021498+08
11	2	45	2025-10-01 01:58:52.028615+08
12	2	43	2025-10-01 01:58:52.032621+08
13	3	6	2025-10-01 02:01:02.491694+08
14	3	7	2025-10-01 02:01:02.496727+08
15	3	28	2025-10-01 02:01:02.504848+08
16	3	29	2025-10-01 02:01:02.509022+08
17	3	49	2025-10-01 02:01:02.51299+08
18	3	50	2025-10-01 02:01:02.521318+08
19	4	34	2025-10-01 02:07:04.134046+08
20	4	31	2025-10-01 02:07:04.138312+08
21	4	35	2025-10-01 02:07:04.142796+08
22	4	47	2025-10-01 02:07:04.150421+08
23	4	48	2025-10-01 02:07:04.15379+08
24	4	50	2025-10-01 02:07:04.15766+08
25	4	70	2025-10-01 02:07:04.165961+08
26	4	68	2025-10-01 02:07:04.169306+08
27	5	4	2025-10-02 21:42:49.709222+08
28	5	8	2025-10-02 21:42:49.71135+08
29	5	13	2025-10-02 21:42:49.713349+08
30	5	17	2025-10-02 21:42:49.714859+08
31	5	21	2025-10-02 21:42:49.716858+08
32	5	48	2025-10-02 21:42:49.717635+08
33	6	1	2025-10-02 21:43:07.809993+08
34	6	10	2025-10-02 21:43:07.811993+08
35	6	15	2025-10-02 21:43:07.813498+08
36	6	19	2025-10-02 21:43:07.814504+08
37	6	22	2025-10-02 21:43:07.816503+08
38	6	48	2025-10-02 21:43:07.817503+08
\.


--
-- TOC entry 5311 (class 0 OID 0)
-- Dependencies: 216
-- Name: auth_group_id_seq; Type: SEQUENCE SET; Schema: public; Owner: postgres
--

SELECT pg_catalog.setval('public.auth_group_id_seq', 1, false);


--
-- TOC entry 5312 (class 0 OID 0)
-- Dependencies: 218
-- Name: auth_group_permissions_id_seq; Type: SEQUENCE SET; Schema: public; Owner: postgres
--

SELECT pg_catalog.setval('public.auth_group_permissions_id_seq', 1, false);


--
-- TOC entry 5313 (class 0 OID 0)
-- Dependencies: 220
-- Name: auth_permission_id_seq; Type: SEQUENCE SET; Schema: public; Owner: postgres
--

SELECT pg_catalog.setval('public.auth_permission_id_seq', 92, true);


--
-- TOC entry 5314 (class 0 OID 0)
-- Dependencies: 223
-- Name: auth_user_groups_id_seq; Type: SEQUENCE SET; Schema: public; Owner: postgres
--

SELECT pg_catalog.setval('public.auth_user_groups_id_seq', 1, false);


--
-- TOC entry 5315 (class 0 OID 0)
-- Dependencies: 224
-- Name: auth_user_id_seq; Type: SEQUENCE SET; Schema: public; Owner: postgres
--

SELECT pg_catalog.setval('public.auth_user_id_seq', 1, false);


--
-- TOC entry 5316 (class 0 OID 0)
-- Dependencies: 226
-- Name: auth_user_user_permissions_id_seq; Type: SEQUENCE SET; Schema: public; Owner: postgres
--

SELECT pg_catalog.setval('public.auth_user_user_permissions_id_seq', 1, false);


--
-- TOC entry 5317 (class 0 OID 0)
-- Dependencies: 228
-- Name: certspecskills_tbl_certskill_id_seq; Type: SEQUENCE SET; Schema: public; Owner: postgres
--

SELECT pg_catalog.setval('public.certspecskills_tbl_certskill_id_seq', 1, false);


--
-- TOC entry 5318 (class 0 OID 0)
-- Dependencies: 267
-- Name: conversations_tbl_conversation_id_seq; Type: SEQUENCE SET; Schema: public; Owner: postgres
--

SELECT pg_catalog.setval('public.conversations_tbl_conversation_id_seq', 2, true);


--
-- TOC entry 5319 (class 0 OID 0)
-- Dependencies: 230
-- Name: django_content_type_id_seq; Type: SEQUENCE SET; Schema: public; Owner: postgres
--

SELECT pg_catalog.setval('public.django_content_type_id_seq', 23, true);


--
-- TOC entry 5320 (class 0 OID 0)
-- Dependencies: 232
-- Name: django_migrations_id_seq; Type: SEQUENCE SET; Schema: public; Owner: postgres
--

SELECT pg_catalog.setval('public.django_migrations_id_seq', 63, true);


--
-- TOC entry 5321 (class 0 OID 0)
-- Dependencies: 235
-- Name: evaluation_tbl_evaluation_id_seq; Type: SEQUENCE SET; Schema: public; Owner: postgres
--

SELECT pg_catalog.setval('public.evaluation_tbl_evaluation_id_seq', 6, true);


--
-- TOC entry 5322 (class 0 OID 0)
-- Dependencies: 237
-- Name: genskills_tbl_genskills_id_seq; Type: SEQUENCE SET; Schema: public; Owner: postgres
--

SELECT pg_catalog.setval('public.genskills_tbl_genskills_id_seq', 15, true);


--
-- TOC entry 5323 (class 0 OID 0)
-- Dependencies: 269
-- Name: messages_tbl_message_id_seq; Type: SEQUENCE SET; Schema: public; Owner: postgres
--

SELECT pg_catalog.setval('public.messages_tbl_message_id_seq', 18, true);


--
-- TOC entry 5324 (class 0 OID 0)
-- Dependencies: 239
-- Name: password_reset_token_tbl_id_seq; Type: SEQUENCE SET; Schema: public; Owner: postgres
--

SELECT pg_catalog.setval('public.password_reset_token_tbl_id_seq', 1, false);


--
-- TOC entry 5325 (class 0 OID 0)
-- Dependencies: 241
-- Name: repsys_tbl_repsys_id_seq; Type: SEQUENCE SET; Schema: public; Owner: postgres
--

SELECT pg_catalog.setval('public.repsys_tbl_repsys_id_seq', 1, false);


--
-- TOC entry 5326 (class 0 OID 0)
-- Dependencies: 243
-- Name: specskills_tbl_specskills_id_seq; Type: SEQUENCE SET; Schema: public; Owner: postgres
--

SELECT pg_catalog.setval('public.specskills_tbl_specskills_id_seq', 75, true);


--
-- TOC entry 5327 (class 0 OID 0)
-- Dependencies: 245
-- Name: supptix_tbl_ticket_id_seq; Type: SEQUENCE SET; Schema: public; Owner: postgres
--

SELECT pg_catalog.setval('public.supptix_tbl_ticket_id_seq', 1, false);


--
-- TOC entry 5328 (class 0 OID 0)
-- Dependencies: 247
-- Name: token_blacklist_blacklistedtoken_id_seq; Type: SEQUENCE SET; Schema: public; Owner: postgres
--

SELECT pg_catalog.setval('public.token_blacklist_blacklistedtoken_id_seq', 9, true);


--
-- TOC entry 5329 (class 0 OID 0)
-- Dependencies: 249
-- Name: token_blacklist_outstandingtoken_id_seq; Type: SEQUENCE SET; Schema: public; Owner: postgres
--

SELECT pg_catalog.setval('public.token_blacklist_outstandingtoken_id_seq', 18, true);


--
-- TOC entry 5330 (class 0 OID 0)
-- Dependencies: 251
-- Name: trade_details_tbl_id_seq; Type: SEQUENCE SET; Schema: public; Owner: postgres
--

SELECT pg_catalog.setval('public.trade_details_tbl_id_seq', 12, true);


--
-- TOC entry 5331 (class 0 OID 0)
-- Dependencies: 253
-- Name: trade_interests_tbl_trade_interests_id_seq; Type: SEQUENCE SET; Schema: public; Owner: postgres
--

SELECT pg_catalog.setval('public.trade_interests_tbl_trade_interests_id_seq', 11, true);


--
-- TOC entry 5332 (class 0 OID 0)
-- Dependencies: 255
-- Name: tradehis_tbl_tradehis_id_seq; Type: SEQUENCE SET; Schema: public; Owner: postgres
--

SELECT pg_catalog.setval('public.tradehis_tbl_tradehis_id_seq', 1, true);


--
-- TOC entry 5333 (class 0 OID 0)
-- Dependencies: 257
-- Name: tradereq_tbl_tradereq_id_seq; Type: SEQUENCE SET; Schema: public; Owner: postgres
--

SELECT pg_catalog.setval('public.tradereq_tbl_tradereq_id_seq', 14, true);


--
-- TOC entry 5334 (class 0 OID 0)
-- Dependencies: 260
-- Name: usercerts_tbl_cert_id_seq; Type: SEQUENCE SET; Schema: public; Owner: postgres
--

SELECT pg_catalog.setval('public.usercerts_tbl_cert_id_seq', 1, false);


--
-- TOC entry 5335 (class 0 OID 0)
-- Dependencies: 262
-- Name: userinterests_tbl_usergeninterests_id_seq; Type: SEQUENCE SET; Schema: public; Owner: postgres
--

SELECT pg_catalog.setval('public.userinterests_tbl_usergeninterests_id_seq', 24, true);


--
-- TOC entry 5336 (class 0 OID 0)
-- Dependencies: 264
-- Name: users_tbl_user_id_seq; Type: SEQUENCE SET; Schema: public; Owner: postgres
--

SELECT pg_catalog.setval('public.users_tbl_user_id_seq', 6, true);


--
-- TOC entry 5337 (class 0 OID 0)
-- Dependencies: 266
-- Name: userskills_tbl_userskills_id_seq; Type: SEQUENCE SET; Schema: public; Owner: postgres
--

SELECT pg_catalog.setval('public.userskills_tbl_userskills_id_seq', 38, true);


--
-- TOC entry 4932 (class 2606 OID 17135)
-- Name: auth_group auth_group_name_key; Type: CONSTRAINT; Schema: public; Owner: postgres
--

ALTER TABLE ONLY public.auth_group
    ADD CONSTRAINT auth_group_name_key UNIQUE (name);


--
-- TOC entry 4937 (class 2606 OID 17137)
-- Name: auth_group_permissions auth_group_permissions_group_id_permission_id_0cd325b0_uniq; Type: CONSTRAINT; Schema: public; Owner: postgres
--

ALTER TABLE ONLY public.auth_group_permissions
    ADD CONSTRAINT auth_group_permissions_group_id_permission_id_0cd325b0_uniq UNIQUE (group_id, permission_id);


--
-- TOC entry 4940 (class 2606 OID 17139)
-- Name: auth_group_permissions auth_group_permissions_pkey; Type: CONSTRAINT; Schema: public; Owner: postgres
--

ALTER TABLE ONLY public.auth_group_permissions
    ADD CONSTRAINT auth_group_permissions_pkey PRIMARY KEY (id);


--
-- TOC entry 4934 (class 2606 OID 17141)
-- Name: auth_group auth_group_pkey; Type: CONSTRAINT; Schema: public; Owner: postgres
--

ALTER TABLE ONLY public.auth_group
    ADD CONSTRAINT auth_group_pkey PRIMARY KEY (id);


--
-- TOC entry 4943 (class 2606 OID 17143)
-- Name: auth_permission auth_permission_content_type_id_codename_01ab375a_uniq; Type: CONSTRAINT; Schema: public; Owner: postgres
--

ALTER TABLE ONLY public.auth_permission
    ADD CONSTRAINT auth_permission_content_type_id_codename_01ab375a_uniq UNIQUE (content_type_id, codename);


--
-- TOC entry 4945 (class 2606 OID 17145)
-- Name: auth_permission auth_permission_pkey; Type: CONSTRAINT; Schema: public; Owner: postgres
--

ALTER TABLE ONLY public.auth_permission
    ADD CONSTRAINT auth_permission_pkey PRIMARY KEY (id);


--
-- TOC entry 4953 (class 2606 OID 17147)
-- Name: auth_user_groups auth_user_groups_pkey; Type: CONSTRAINT; Schema: public; Owner: postgres
--

ALTER TABLE ONLY public.auth_user_groups
    ADD CONSTRAINT auth_user_groups_pkey PRIMARY KEY (id);


--
-- TOC entry 4956 (class 2606 OID 17149)
-- Name: auth_user_groups auth_user_groups_user_id_group_id_94350c0c_uniq; Type: CONSTRAINT; Schema: public; Owner: postgres
--

ALTER TABLE ONLY public.auth_user_groups
    ADD CONSTRAINT auth_user_groups_user_id_group_id_94350c0c_uniq UNIQUE (user_id, group_id);


--
-- TOC entry 4947 (class 2606 OID 17151)
-- Name: auth_user auth_user_pkey; Type: CONSTRAINT; Schema: public; Owner: postgres
--

ALTER TABLE ONLY public.auth_user
    ADD CONSTRAINT auth_user_pkey PRIMARY KEY (id);


--
-- TOC entry 4959 (class 2606 OID 17153)
-- Name: auth_user_user_permissions auth_user_user_permissions_pkey; Type: CONSTRAINT; Schema: public; Owner: postgres
--

ALTER TABLE ONLY public.auth_user_user_permissions
    ADD CONSTRAINT auth_user_user_permissions_pkey PRIMARY KEY (id);


--
-- TOC entry 4962 (class 2606 OID 17155)
-- Name: auth_user_user_permissions auth_user_user_permissions_user_id_permission_id_14a6b632_uniq; Type: CONSTRAINT; Schema: public; Owner: postgres
--

ALTER TABLE ONLY public.auth_user_user_permissions
    ADD CONSTRAINT auth_user_user_permissions_user_id_permission_id_14a6b632_uniq UNIQUE (user_id, permission_id);


--
-- TOC entry 4950 (class 2606 OID 17157)
-- Name: auth_user auth_user_username_key; Type: CONSTRAINT; Schema: public; Owner: postgres
--

ALTER TABLE ONLY public.auth_user
    ADD CONSTRAINT auth_user_username_key UNIQUE (username);


--
-- TOC entry 4964 (class 2606 OID 17159)
-- Name: certspecskills_tbl certspecskills_tbl_pkey; Type: CONSTRAINT; Schema: public; Owner: postgres
--

ALTER TABLE ONLY public.certspecskills_tbl
    ADD CONSTRAINT certspecskills_tbl_pkey PRIMARY KEY (certskill_id);


--
-- TOC entry 5042 (class 2606 OID 17448)
-- Name: conversations_tbl conversations_tbl_pkey; Type: CONSTRAINT; Schema: public; Owner: postgres
--

ALTER TABLE ONLY public.conversations_tbl
    ADD CONSTRAINT conversations_tbl_pkey PRIMARY KEY (conversation_id);


--
-- TOC entry 5047 (class 2606 OID 17458)
-- Name: conversations_tbl conversations_tbl_tradereq_id_b2e37107_uniq; Type: CONSTRAINT; Schema: public; Owner: postgres
--

ALTER TABLE ONLY public.conversations_tbl
    ADD CONSTRAINT conversations_tbl_tradereq_id_b2e37107_uniq UNIQUE (tradereq_id);


--
-- TOC entry 4966 (class 2606 OID 17161)
-- Name: django_content_type django_content_type_app_label_model_76bd3d3b_uniq; Type: CONSTRAINT; Schema: public; Owner: postgres
--

ALTER TABLE ONLY public.django_content_type
    ADD CONSTRAINT django_content_type_app_label_model_76bd3d3b_uniq UNIQUE (app_label, model);


--
-- TOC entry 4968 (class 2606 OID 17163)
-- Name: django_content_type django_content_type_pkey; Type: CONSTRAINT; Schema: public; Owner: postgres
--

ALTER TABLE ONLY public.django_content_type
    ADD CONSTRAINT django_content_type_pkey PRIMARY KEY (id);


--
-- TOC entry 4970 (class 2606 OID 17165)
-- Name: django_migrations django_migrations_pkey; Type: CONSTRAINT; Schema: public; Owner: postgres
--

ALTER TABLE ONLY public.django_migrations
    ADD CONSTRAINT django_migrations_pkey PRIMARY KEY (id);


--
-- TOC entry 4973 (class 2606 OID 17167)
-- Name: django_session django_session_pkey; Type: CONSTRAINT; Schema: public; Owner: postgres
--

ALTER TABLE ONLY public.django_session
    ADD CONSTRAINT django_session_pkey PRIMARY KEY (session_key);


--
-- TOC entry 4976 (class 2606 OID 17169)
-- Name: evaluation_tbl evaluation_tbl_pkey; Type: CONSTRAINT; Schema: public; Owner: postgres
--

ALTER TABLE ONLY public.evaluation_tbl
    ADD CONSTRAINT evaluation_tbl_pkey PRIMARY KEY (evaluation_id);


--
-- TOC entry 4979 (class 2606 OID 17171)
-- Name: genskills_tbl genskills_tbl_gencateg_key; Type: CONSTRAINT; Schema: public; Owner: postgres
--

ALTER TABLE ONLY public.genskills_tbl
    ADD CONSTRAINT genskills_tbl_gencateg_key UNIQUE (gencateg);


--
-- TOC entry 4981 (class 2606 OID 17173)
-- Name: genskills_tbl genskills_tbl_pkey; Type: CONSTRAINT; Schema: public; Owner: postgres
--

ALTER TABLE ONLY public.genskills_tbl
    ADD CONSTRAINT genskills_tbl_pkey PRIMARY KEY (genskills_id);


--
-- TOC entry 5050 (class 2606 OID 17456)
-- Name: messages_tbl messages_tbl_pkey; Type: CONSTRAINT; Schema: public; Owner: postgres
--

ALTER TABLE ONLY public.messages_tbl
    ADD CONSTRAINT messages_tbl_pkey PRIMARY KEY (message_id);


--
-- TOC entry 4983 (class 2606 OID 17177)
-- Name: password_reset_token_tbl password_reset_token_tbl_pkey; Type: CONSTRAINT; Schema: public; Owner: postgres
--

ALTER TABLE ONLY public.password_reset_token_tbl
    ADD CONSTRAINT password_reset_token_tbl_pkey PRIMARY KEY (id);


--
-- TOC entry 4985 (class 2606 OID 17179)
-- Name: password_reset_token_tbl password_reset_token_tbl_token_key; Type: CONSTRAINT; Schema: public; Owner: postgres
--

ALTER TABLE ONLY public.password_reset_token_tbl
    ADD CONSTRAINT password_reset_token_tbl_token_key UNIQUE (token);


--
-- TOC entry 4987 (class 2606 OID 17181)
-- Name: repsys_tbl repsys_tbl_pkey; Type: CONSTRAINT; Schema: public; Owner: postgres
--

ALTER TABLE ONLY public.repsys_tbl
    ADD CONSTRAINT repsys_tbl_pkey PRIMARY KEY (repsys_id);


--
-- TOC entry 4989 (class 2606 OID 17183)
-- Name: specskills_tbl specskills_tbl_pkey; Type: CONSTRAINT; Schema: public; Owner: postgres
--

ALTER TABLE ONLY public.specskills_tbl
    ADD CONSTRAINT specskills_tbl_pkey PRIMARY KEY (specskills_id);


--
-- TOC entry 4993 (class 2606 OID 17185)
-- Name: supptix_tbl supptix_tbl_pkey; Type: CONSTRAINT; Schema: public; Owner: postgres
--

ALTER TABLE ONLY public.supptix_tbl
    ADD CONSTRAINT supptix_tbl_pkey PRIMARY KEY (ticket_id);


--
-- TOC entry 4995 (class 2606 OID 17187)
-- Name: token_blacklist_blacklistedtoken token_blacklist_blacklistedtoken_pkey; Type: CONSTRAINT; Schema: public; Owner: postgres
--

ALTER TABLE ONLY public.token_blacklist_blacklistedtoken
    ADD CONSTRAINT token_blacklist_blacklistedtoken_pkey PRIMARY KEY (id);


--
-- TOC entry 4997 (class 2606 OID 17189)
-- Name: token_blacklist_blacklistedtoken token_blacklist_blacklistedtoken_token_id_key; Type: CONSTRAINT; Schema: public; Owner: postgres
--

ALTER TABLE ONLY public.token_blacklist_blacklistedtoken
    ADD CONSTRAINT token_blacklist_blacklistedtoken_token_id_key UNIQUE (token_id);


--
-- TOC entry 5000 (class 2606 OID 17191)
-- Name: token_blacklist_outstandingtoken token_blacklist_outstandingtoken_jti_hex_d9bdf6f7_uniq; Type: CONSTRAINT; Schema: public; Owner: postgres
--

ALTER TABLE ONLY public.token_blacklist_outstandingtoken
    ADD CONSTRAINT token_blacklist_outstandingtoken_jti_hex_d9bdf6f7_uniq UNIQUE (jti);


--
-- TOC entry 5002 (class 2606 OID 17193)
-- Name: token_blacklist_outstandingtoken token_blacklist_outstandingtoken_pkey; Type: CONSTRAINT; Schema: public; Owner: postgres
--

ALTER TABLE ONLY public.token_blacklist_outstandingtoken
    ADD CONSTRAINT token_blacklist_outstandingtoken_pkey PRIMARY KEY (id);


--
-- TOC entry 5005 (class 2606 OID 17195)
-- Name: trade_details_tbl trade_details_tbl_pkey; Type: CONSTRAINT; Schema: public; Owner: postgres
--

ALTER TABLE ONLY public.trade_details_tbl
    ADD CONSTRAINT trade_details_tbl_pkey PRIMARY KEY (tradedetails_id);


--
-- TOC entry 5012 (class 2606 OID 17197)
-- Name: trade_interests_tbl trade_interests_tbl_pkey; Type: CONSTRAINT; Schema: public; Owner: postgres
--

ALTER TABLE ONLY public.trade_interests_tbl
    ADD CONSTRAINT trade_interests_tbl_pkey PRIMARY KEY (trade_interests_id);


--
-- TOC entry 5016 (class 2606 OID 17199)
-- Name: tradehis_tbl tradehis_tbl_pkey; Type: CONSTRAINT; Schema: public; Owner: postgres
--

ALTER TABLE ONLY public.tradehis_tbl
    ADD CONSTRAINT tradehis_tbl_pkey PRIMARY KEY (tradehis_id);


--
-- TOC entry 5018 (class 2606 OID 17201)
-- Name: tradereq_tbl tradereq_tbl_pkey; Type: CONSTRAINT; Schema: public; Owner: postgres
--

ALTER TABLE ONLY public.tradereq_tbl
    ADD CONSTRAINT tradereq_tbl_pkey PRIMARY KEY (tradereq_id);


--
-- TOC entry 4991 (class 2606 OID 17203)
-- Name: specskills_tbl unique_genskill_speccateg; Type: CONSTRAINT; Schema: public; Owner: postgres
--

ALTER TABLE ONLY public.specskills_tbl
    ADD CONSTRAINT unique_genskill_speccateg UNIQUE (genskills_id, speccateg);


--
-- TOC entry 5007 (class 2606 OID 17205)
-- Name: trade_details_tbl unique_trade_user; Type: CONSTRAINT; Schema: public; Owner: postgres
--

ALTER TABLE ONLY public.trade_details_tbl
    ADD CONSTRAINT unique_trade_user UNIQUE (tradereq_id, user_id);


--
-- TOC entry 5014 (class 2606 OID 17207)
-- Name: trade_interests_tbl unique_trade_user_interest; Type: CONSTRAINT; Schema: public; Owner: postgres
--

ALTER TABLE ONLY public.trade_interests_tbl
    ADD CONSTRAINT unique_trade_user_interest UNIQUE (tradereq_id, interested_user_id);


--
-- TOC entry 5338 (class 0 OID 0)
-- Dependencies: 5014
-- Name: CONSTRAINT unique_trade_user_interest ON trade_interests_tbl; Type: COMMENT; Schema: public; Owner: postgres
--

COMMENT ON CONSTRAINT unique_trade_user_interest ON public.trade_interests_tbl IS 'Prevents same user from expressing interest twice in same trade';


--
-- TOC entry 5038 (class 2606 OID 17209)
-- Name: userskills_tbl uq_user_spec; Type: CONSTRAINT; Schema: public; Owner: postgres
--

ALTER TABLE ONLY public.userskills_tbl
    ADD CONSTRAINT uq_user_spec UNIQUE (user_id, specskills_id);


--
-- TOC entry 5020 (class 2606 OID 17211)
-- Name: user_gen_rank_tbl user_gen_rank_tbl_pkey; Type: CONSTRAINT; Schema: public; Owner: postgres
--

ALTER TABLE ONLY public.user_gen_rank_tbl
    ADD CONSTRAINT user_gen_rank_tbl_pkey PRIMARY KEY (user_id, genskills_id);


--
-- TOC entry 5022 (class 2606 OID 17213)
-- Name: user_gen_rank_tbl user_gen_rank_tbl_user_id_rank_key; Type: CONSTRAINT; Schema: public; Owner: postgres
--

ALTER TABLE ONLY public.user_gen_rank_tbl
    ADD CONSTRAINT user_gen_rank_tbl_user_id_rank_key UNIQUE (user_id, rank);


--
-- TOC entry 5024 (class 2606 OID 17215)
-- Name: usercredentials_tbl usercerts_tbl_pkey; Type: CONSTRAINT; Schema: public; Owner: postgres
--

ALTER TABLE ONLY public.usercredentials_tbl
    ADD CONSTRAINT usercerts_tbl_pkey PRIMARY KEY (usercred_id);


--
-- TOC entry 5026 (class 2606 OID 17217)
-- Name: userinterests_tbl userinterests_tbl_pkey; Type: CONSTRAINT; Schema: public; Owner: postgres
--

ALTER TABLE ONLY public.userinterests_tbl
    ADD CONSTRAINT userinterests_tbl_pkey PRIMARY KEY (userinterests_id);


--
-- TOC entry 5028 (class 2606 OID 17219)
-- Name: userinterests_tbl userinterests_tbl_user_id_genskills_id_key; Type: CONSTRAINT; Schema: public; Owner: postgres
--

ALTER TABLE ONLY public.userinterests_tbl
    ADD CONSTRAINT userinterests_tbl_user_id_genskills_id_key UNIQUE (user_id, genskills_id);


--
-- TOC entry 5030 (class 2606 OID 17221)
-- Name: users_tbl users_tbl_emailadd_key; Type: CONSTRAINT; Schema: public; Owner: postgres
--

ALTER TABLE ONLY public.users_tbl
    ADD CONSTRAINT users_tbl_emailadd_key UNIQUE (email);


--
-- TOC entry 5032 (class 2606 OID 17223)
-- Name: users_tbl users_tbl_pkey; Type: CONSTRAINT; Schema: public; Owner: postgres
--

ALTER TABLE ONLY public.users_tbl
    ADD CONSTRAINT users_tbl_pkey PRIMARY KEY (user_id);


--
-- TOC entry 5034 (class 2606 OID 17225)
-- Name: users_tbl users_tbl_username_key; Type: CONSTRAINT; Schema: public; Owner: postgres
--

ALTER TABLE ONLY public.users_tbl
    ADD CONSTRAINT users_tbl_username_key UNIQUE (username);


--
-- TOC entry 5040 (class 2606 OID 17227)
-- Name: userskills_tbl userskills_tbl_pkey; Type: CONSTRAINT; Schema: public; Owner: postgres
--

ALTER TABLE ONLY public.userskills_tbl
    ADD CONSTRAINT userskills_tbl_pkey PRIMARY KEY (userskills_id);


--
-- TOC entry 4930 (class 1259 OID 17228)
-- Name: auth_group_name_a6ea08ec_like; Type: INDEX; Schema: public; Owner: postgres
--

CREATE INDEX auth_group_name_a6ea08ec_like ON public.auth_group USING btree (name varchar_pattern_ops);


--
-- TOC entry 4935 (class 1259 OID 17229)
-- Name: auth_group_permissions_group_id_b120cbf9; Type: INDEX; Schema: public; Owner: postgres
--

CREATE INDEX auth_group_permissions_group_id_b120cbf9 ON public.auth_group_permissions USING btree (group_id);


--
-- TOC entry 4938 (class 1259 OID 17230)
-- Name: auth_group_permissions_permission_id_84c5c92e; Type: INDEX; Schema: public; Owner: postgres
--

CREATE INDEX auth_group_permissions_permission_id_84c5c92e ON public.auth_group_permissions USING btree (permission_id);


--
-- TOC entry 4941 (class 1259 OID 17231)
-- Name: auth_permission_content_type_id_2f476e4b; Type: INDEX; Schema: public; Owner: postgres
--

CREATE INDEX auth_permission_content_type_id_2f476e4b ON public.auth_permission USING btree (content_type_id);


--
-- TOC entry 4951 (class 1259 OID 17232)
-- Name: auth_user_groups_group_id_97559544; Type: INDEX; Schema: public; Owner: postgres
--

CREATE INDEX auth_user_groups_group_id_97559544 ON public.auth_user_groups USING btree (group_id);


--
-- TOC entry 4954 (class 1259 OID 17233)
-- Name: auth_user_groups_user_id_6a12ed8b; Type: INDEX; Schema: public; Owner: postgres
--

CREATE INDEX auth_user_groups_user_id_6a12ed8b ON public.auth_user_groups USING btree (user_id);


--
-- TOC entry 4957 (class 1259 OID 17234)
-- Name: auth_user_user_permissions_permission_id_1fbb5f2c; Type: INDEX; Schema: public; Owner: postgres
--

CREATE INDEX auth_user_user_permissions_permission_id_1fbb5f2c ON public.auth_user_user_permissions USING btree (permission_id);


--
-- TOC entry 4960 (class 1259 OID 17235)
-- Name: auth_user_user_permissions_user_id_a95ead1b; Type: INDEX; Schema: public; Owner: postgres
--

CREATE INDEX auth_user_user_permissions_user_id_a95ead1b ON public.auth_user_user_permissions USING btree (user_id);


--
-- TOC entry 4948 (class 1259 OID 17236)
-- Name: auth_user_username_6821ab7c_like; Type: INDEX; Schema: public; Owner: postgres
--

CREATE INDEX auth_user_username_6821ab7c_like ON public.auth_user USING btree (username varchar_pattern_ops);


--
-- TOC entry 5043 (class 1259 OID 17474)
-- Name: conversations_tbl_requester_id_7b9c70b6; Type: INDEX; Schema: public; Owner: postgres
--

CREATE INDEX conversations_tbl_requester_id_7b9c70b6 ON public.conversations_tbl USING btree (requester_id);


--
-- TOC entry 5044 (class 1259 OID 17475)
-- Name: conversations_tbl_responder_id_4d0fae4d; Type: INDEX; Schema: public; Owner: postgres
--

CREATE INDEX conversations_tbl_responder_id_4d0fae4d ON public.conversations_tbl USING btree (responder_id);


--
-- TOC entry 5045 (class 1259 OID 17476)
-- Name: conversations_tbl_tradereq_id_b2e37107; Type: INDEX; Schema: public; Owner: postgres
--

CREATE INDEX conversations_tbl_tradereq_id_b2e37107 ON public.conversations_tbl USING btree (tradereq_id);


--
-- TOC entry 4971 (class 1259 OID 17237)
-- Name: django_session_expire_date_a5c62663; Type: INDEX; Schema: public; Owner: postgres
--

CREATE INDEX django_session_expire_date_a5c62663 ON public.django_session USING btree (expire_date);


--
-- TOC entry 4974 (class 1259 OID 17238)
-- Name: django_session_session_key_c0390e0f_like; Type: INDEX; Schema: public; Owner: postgres
--

CREATE INDEX django_session_session_key_c0390e0f_like ON public.django_session USING btree (session_key varchar_pattern_ops);


--
-- TOC entry 4977 (class 1259 OID 17239)
-- Name: idx_evaluation_tradereq_id; Type: INDEX; Schema: public; Owner: postgres
--

CREATE INDEX idx_evaluation_tradereq_id ON public.evaluation_tbl USING btree (tradereq_id);


--
-- TOC entry 5008 (class 1259 OID 17240)
-- Name: idx_trade_interests_created_at; Type: INDEX; Schema: public; Owner: postgres
--

CREATE INDEX idx_trade_interests_created_at ON public.trade_interests_tbl USING btree (created_at DESC);


--
-- TOC entry 5009 (class 1259 OID 17241)
-- Name: idx_trade_interests_trade_status; Type: INDEX; Schema: public; Owner: postgres
--

CREATE INDEX idx_trade_interests_trade_status ON public.trade_interests_tbl USING btree (tradereq_id, status);


--
-- TOC entry 5010 (class 1259 OID 17242)
-- Name: idx_trade_interests_user; Type: INDEX; Schema: public; Owner: postgres
--

CREATE INDEX idx_trade_interests_user ON public.trade_interests_tbl USING btree (interested_user_id);


--
-- TOC entry 5035 (class 1259 OID 17243)
-- Name: idx_userskills_spec; Type: INDEX; Schema: public; Owner: postgres
--

CREATE INDEX idx_userskills_spec ON public.userskills_tbl USING btree (specskills_id);


--
-- TOC entry 5036 (class 1259 OID 17244)
-- Name: idx_userskills_user; Type: INDEX; Schema: public; Owner: postgres
--

CREATE INDEX idx_userskills_user ON public.userskills_tbl USING btree (user_id);


--
-- TOC entry 5048 (class 1259 OID 17487)
-- Name: messages_tbl_conversation_id_8f182304; Type: INDEX; Schema: public; Owner: postgres
--

CREATE INDEX messages_tbl_conversation_id_8f182304 ON public.messages_tbl USING btree (conversation_id);


--
-- TOC entry 5051 (class 1259 OID 17488)
-- Name: messages_tbl_sender_id_e451b69f; Type: INDEX; Schema: public; Owner: postgres
--

CREATE INDEX messages_tbl_sender_id_e451b69f ON public.messages_tbl USING btree (sender_id);


--
-- TOC entry 4998 (class 1259 OID 17245)
-- Name: token_blacklist_outstandingtoken_jti_hex_d9bdf6f7_like; Type: INDEX; Schema: public; Owner: postgres
--

CREATE INDEX token_blacklist_outstandingtoken_jti_hex_d9bdf6f7_like ON public.token_blacklist_outstandingtoken USING btree (jti varchar_pattern_ops);


--
-- TOC entry 5003 (class 1259 OID 17246)
-- Name: token_blacklist_outstandingtoken_user_id_83bc629a; Type: INDEX; Schema: public; Owner: postgres
--

CREATE INDEX token_blacklist_outstandingtoken_user_id_83bc629a ON public.token_blacklist_outstandingtoken USING btree (user_id);


--
-- TOC entry 5091 (class 2620 OID 17247)
-- Name: users_tbl trg_sync_is_verified_from_status; Type: TRIGGER; Schema: public; Owner: postgres
--

CREATE TRIGGER trg_sync_is_verified_from_status BEFORE INSERT OR UPDATE OF verification_status ON public.users_tbl FOR EACH ROW EXECUTE FUNCTION public.sync_is_verified_from_status();


--
-- TOC entry 5052 (class 2606 OID 17248)
-- Name: auth_group_permissions auth_group_permissio_permission_id_84c5c92e_fk_auth_perm; Type: FK CONSTRAINT; Schema: public; Owner: postgres
--

ALTER TABLE ONLY public.auth_group_permissions
    ADD CONSTRAINT auth_group_permissio_permission_id_84c5c92e_fk_auth_perm FOREIGN KEY (permission_id) REFERENCES public.auth_permission(id) DEFERRABLE INITIALLY DEFERRED;


--
-- TOC entry 5053 (class 2606 OID 17253)
-- Name: auth_group_permissions auth_group_permissions_group_id_b120cbf9_fk_auth_group_id; Type: FK CONSTRAINT; Schema: public; Owner: postgres
--

ALTER TABLE ONLY public.auth_group_permissions
    ADD CONSTRAINT auth_group_permissions_group_id_b120cbf9_fk_auth_group_id FOREIGN KEY (group_id) REFERENCES public.auth_group(id) DEFERRABLE INITIALLY DEFERRED;


--
-- TOC entry 5054 (class 2606 OID 17258)
-- Name: auth_permission auth_permission_content_type_id_2f476e4b_fk_django_co; Type: FK CONSTRAINT; Schema: public; Owner: postgres
--

ALTER TABLE ONLY public.auth_permission
    ADD CONSTRAINT auth_permission_content_type_id_2f476e4b_fk_django_co FOREIGN KEY (content_type_id) REFERENCES public.django_content_type(id) DEFERRABLE INITIALLY DEFERRED;


--
-- TOC entry 5055 (class 2606 OID 17263)
-- Name: auth_user_groups auth_user_groups_group_id_97559544_fk_auth_group_id; Type: FK CONSTRAINT; Schema: public; Owner: postgres
--

ALTER TABLE ONLY public.auth_user_groups
    ADD CONSTRAINT auth_user_groups_group_id_97559544_fk_auth_group_id FOREIGN KEY (group_id) REFERENCES public.auth_group(id) DEFERRABLE INITIALLY DEFERRED;


--
-- TOC entry 5056 (class 2606 OID 17268)
-- Name: auth_user_groups auth_user_groups_user_id_6a12ed8b_fk_auth_user_id; Type: FK CONSTRAINT; Schema: public; Owner: postgres
--

ALTER TABLE ONLY public.auth_user_groups
    ADD CONSTRAINT auth_user_groups_user_id_6a12ed8b_fk_auth_user_id FOREIGN KEY (user_id) REFERENCES public.auth_user(id) DEFERRABLE INITIALLY DEFERRED;


--
-- TOC entry 5057 (class 2606 OID 17273)
-- Name: auth_user_user_permissions auth_user_user_permi_permission_id_1fbb5f2c_fk_auth_perm; Type: FK CONSTRAINT; Schema: public; Owner: postgres
--

ALTER TABLE ONLY public.auth_user_user_permissions
    ADD CONSTRAINT auth_user_user_permi_permission_id_1fbb5f2c_fk_auth_perm FOREIGN KEY (permission_id) REFERENCES public.auth_permission(id) DEFERRABLE INITIALLY DEFERRED;


--
-- TOC entry 5058 (class 2606 OID 17278)
-- Name: auth_user_user_permissions auth_user_user_permissions_user_id_a95ead1b_fk_auth_user_id; Type: FK CONSTRAINT; Schema: public; Owner: postgres
--

ALTER TABLE ONLY public.auth_user_user_permissions
    ADD CONSTRAINT auth_user_user_permissions_user_id_a95ead1b_fk_auth_user_id FOREIGN KEY (user_id) REFERENCES public.auth_user(id) DEFERRABLE INITIALLY DEFERRED;


--
-- TOC entry 5059 (class 2606 OID 17283)
-- Name: certspecskills_tbl certspecskills_tbl_cert_id_fkey; Type: FK CONSTRAINT; Schema: public; Owner: postgres
--

ALTER TABLE ONLY public.certspecskills_tbl
    ADD CONSTRAINT certspecskills_tbl_cert_id_fkey FOREIGN KEY (cert_id) REFERENCES public.usercredentials_tbl(usercred_id);


--
-- TOC entry 5060 (class 2606 OID 17288)
-- Name: certspecskills_tbl certspecskills_tbl_specskills_id_fkey; Type: FK CONSTRAINT; Schema: public; Owner: postgres
--

ALTER TABLE ONLY public.certspecskills_tbl
    ADD CONSTRAINT certspecskills_tbl_specskills_id_fkey FOREIGN KEY (specskills_id) REFERENCES public.specskills_tbl(specskills_id);


--
-- TOC entry 5086 (class 2606 OID 17459)
-- Name: conversations_tbl conversations_tbl_requester_id_7b9c70b6_fk_users_tbl_user_id; Type: FK CONSTRAINT; Schema: public; Owner: postgres
--

ALTER TABLE ONLY public.conversations_tbl
    ADD CONSTRAINT conversations_tbl_requester_id_7b9c70b6_fk_users_tbl_user_id FOREIGN KEY (requester_id) REFERENCES public.users_tbl(user_id) DEFERRABLE INITIALLY DEFERRED;


--
-- TOC entry 5087 (class 2606 OID 17464)
-- Name: conversations_tbl conversations_tbl_responder_id_4d0fae4d_fk_users_tbl_user_id; Type: FK CONSTRAINT; Schema: public; Owner: postgres
--

ALTER TABLE ONLY public.conversations_tbl
    ADD CONSTRAINT conversations_tbl_responder_id_4d0fae4d_fk_users_tbl_user_id FOREIGN KEY (responder_id) REFERENCES public.users_tbl(user_id) DEFERRABLE INITIALLY DEFERRED;


--
-- TOC entry 5088 (class 2606 OID 17469)
-- Name: conversations_tbl conversations_tbl_tradereq_id_b2e37107_fk_tradereq_; Type: FK CONSTRAINT; Schema: public; Owner: postgres
--

ALTER TABLE ONLY public.conversations_tbl
    ADD CONSTRAINT conversations_tbl_tradereq_id_b2e37107_fk_tradereq_ FOREIGN KEY (tradereq_id) REFERENCES public.tradereq_tbl(tradereq_id) DEFERRABLE INITIALLY DEFERRED;


--
-- TOC entry 5062 (class 2606 OID 17293)
-- Name: password_reset_token_tbl fk_password_reset_user; Type: FK CONSTRAINT; Schema: public; Owner: postgres
--

ALTER TABLE ONLY public.password_reset_token_tbl
    ADD CONSTRAINT fk_password_reset_user FOREIGN KEY (user_id) REFERENCES public.users_tbl(user_id) ON DELETE CASCADE;


--
-- TOC entry 5070 (class 2606 OID 17298)
-- Name: trade_interests_tbl fk_trade_interest_trade_request; Type: FK CONSTRAINT; Schema: public; Owner: postgres
--

ALTER TABLE ONLY public.trade_interests_tbl
    ADD CONSTRAINT fk_trade_interest_trade_request FOREIGN KEY (tradereq_id) REFERENCES public.tradereq_tbl(tradereq_id) ON DELETE CASCADE;


--
-- TOC entry 5071 (class 2606 OID 17303)
-- Name: trade_interests_tbl fk_trade_interest_user; Type: FK CONSTRAINT; Schema: public; Owner: postgres
--

ALTER TABLE ONLY public.trade_interests_tbl
    ADD CONSTRAINT fk_trade_interest_user FOREIGN KEY (interested_user_id) REFERENCES public.users_tbl(user_id) ON DELETE CASCADE;


--
-- TOC entry 5068 (class 2606 OID 17308)
-- Name: trade_details_tbl fk_trade_request; Type: FK CONSTRAINT; Schema: public; Owner: postgres
--

ALTER TABLE ONLY public.trade_details_tbl
    ADD CONSTRAINT fk_trade_request FOREIGN KEY (tradereq_id) REFERENCES public.tradereq_tbl(tradereq_id) ON DELETE CASCADE;


--
-- TOC entry 5061 (class 2606 OID 17313)
-- Name: evaluation_tbl fk_trade_request; Type: FK CONSTRAINT; Schema: public; Owner: postgres
--

ALTER TABLE ONLY public.evaluation_tbl
    ADD CONSTRAINT fk_trade_request FOREIGN KEY (tradereq_id) REFERENCES public.tradereq_tbl(tradereq_id) ON DELETE CASCADE;


--
-- TOC entry 5069 (class 2606 OID 17318)
-- Name: trade_details_tbl fk_user; Type: FK CONSTRAINT; Schema: public; Owner: postgres
--

ALTER TABLE ONLY public.trade_details_tbl
    ADD CONSTRAINT fk_user FOREIGN KEY (user_id) REFERENCES public.users_tbl(user_id) ON DELETE CASCADE;


--
-- TOC entry 5082 (class 2606 OID 17323)
-- Name: userskills_tbl fk_userskills_spec; Type: FK CONSTRAINT; Schema: public; Owner: postgres
--

ALTER TABLE ONLY public.userskills_tbl
    ADD CONSTRAINT fk_userskills_spec FOREIGN KEY (specskills_id) REFERENCES public.specskills_tbl(specskills_id) ON DELETE RESTRICT;


--
-- TOC entry 5083 (class 2606 OID 17328)
-- Name: userskills_tbl fk_userskills_user; Type: FK CONSTRAINT; Schema: public; Owner: postgres
--

ALTER TABLE ONLY public.userskills_tbl
    ADD CONSTRAINT fk_userskills_user FOREIGN KEY (user_id) REFERENCES public.users_tbl(user_id) ON DELETE CASCADE;


--
-- TOC entry 5089 (class 2606 OID 17477)
-- Name: messages_tbl messages_tbl_conversation_id_8f182304_fk_conversat; Type: FK CONSTRAINT; Schema: public; Owner: postgres
--

ALTER TABLE ONLY public.messages_tbl
    ADD CONSTRAINT messages_tbl_conversation_id_8f182304_fk_conversat FOREIGN KEY (conversation_id) REFERENCES public.conversations_tbl(conversation_id) DEFERRABLE INITIALLY DEFERRED;


--
-- TOC entry 5090 (class 2606 OID 17482)
-- Name: messages_tbl messages_tbl_sender_id_e451b69f_fk_users_tbl_user_id; Type: FK CONSTRAINT; Schema: public; Owner: postgres
--

ALTER TABLE ONLY public.messages_tbl
    ADD CONSTRAINT messages_tbl_sender_id_e451b69f_fk_users_tbl_user_id FOREIGN KEY (sender_id) REFERENCES public.users_tbl(user_id) DEFERRABLE INITIALLY DEFERRED;


--
-- TOC entry 5063 (class 2606 OID 17343)
-- Name: repsys_tbl repsys_tbl_tradereq_id_fkey; Type: FK CONSTRAINT; Schema: public; Owner: postgres
--

ALTER TABLE ONLY public.repsys_tbl
    ADD CONSTRAINT repsys_tbl_tradereq_id_fkey FOREIGN KEY (tradereq_id) REFERENCES public.tradereq_tbl(tradereq_id);


--
-- TOC entry 5064 (class 2606 OID 17348)
-- Name: specskills_tbl specskills_tbl_genskills_id_fkey; Type: FK CONSTRAINT; Schema: public; Owner: postgres
--

ALTER TABLE ONLY public.specskills_tbl
    ADD CONSTRAINT specskills_tbl_genskills_id_fkey FOREIGN KEY (genskills_id) REFERENCES public.genskills_tbl(genskills_id);


--
-- TOC entry 5065 (class 2606 OID 17353)
-- Name: supptix_tbl supptix_tbl_user_id_fkey; Type: FK CONSTRAINT; Schema: public; Owner: postgres
--

ALTER TABLE ONLY public.supptix_tbl
    ADD CONSTRAINT supptix_tbl_user_id_fkey FOREIGN KEY (user_id) REFERENCES public.users_tbl(user_id);


--
-- TOC entry 5066 (class 2606 OID 17358)
-- Name: token_blacklist_blacklistedtoken token_blacklist_blacklistedtoken_token_id_3cc7fe56_fk; Type: FK CONSTRAINT; Schema: public; Owner: postgres
--

ALTER TABLE ONLY public.token_blacklist_blacklistedtoken
    ADD CONSTRAINT token_blacklist_blacklistedtoken_token_id_3cc7fe56_fk FOREIGN KEY (token_id) REFERENCES public.token_blacklist_outstandingtoken(id) DEFERRABLE INITIALLY DEFERRED;


--
-- TOC entry 5067 (class 2606 OID 17363)
-- Name: token_blacklist_outstandingtoken token_blacklist_outs_user_id_83bc629a_fk_users_tbl; Type: FK CONSTRAINT; Schema: public; Owner: postgres
--

ALTER TABLE ONLY public.token_blacklist_outstandingtoken
    ADD CONSTRAINT token_blacklist_outs_user_id_83bc629a_fk_users_tbl FOREIGN KEY (user_id) REFERENCES public.users_tbl(user_id) DEFERRABLE INITIALLY DEFERRED;


--
-- TOC entry 5072 (class 2606 OID 17368)
-- Name: tradehis_tbl tradehis_tbl_tradereq_id_fkey; Type: FK CONSTRAINT; Schema: public; Owner: postgres
--

ALTER TABLE ONLY public.tradehis_tbl
    ADD CONSTRAINT tradehis_tbl_tradereq_id_fkey FOREIGN KEY (tradereq_id) REFERENCES public.tradereq_tbl(tradereq_id);


--
-- TOC entry 5073 (class 2606 OID 17373)
-- Name: tradereq_tbl tradereq_tbl_requester_id_fkey; Type: FK CONSTRAINT; Schema: public; Owner: postgres
--

ALTER TABLE ONLY public.tradereq_tbl
    ADD CONSTRAINT tradereq_tbl_requester_id_fkey FOREIGN KEY (requester_id) REFERENCES public.users_tbl(user_id);


--
-- TOC entry 5074 (class 2606 OID 17378)
-- Name: tradereq_tbl tradereq_tbl_responder_id_fkey; Type: FK CONSTRAINT; Schema: public; Owner: postgres
--

ALTER TABLE ONLY public.tradereq_tbl
    ADD CONSTRAINT tradereq_tbl_responder_id_fkey FOREIGN KEY (responder_id) REFERENCES public.users_tbl(user_id);


--
-- TOC entry 5075 (class 2606 OID 17383)
-- Name: user_gen_rank_tbl user_gen_rank_tbl_genskills_id_fkey; Type: FK CONSTRAINT; Schema: public; Owner: postgres
--

ALTER TABLE ONLY public.user_gen_rank_tbl
    ADD CONSTRAINT user_gen_rank_tbl_genskills_id_fkey FOREIGN KEY (genskills_id) REFERENCES public.genskills_tbl(genskills_id) ON DELETE CASCADE;


--
-- TOC entry 5076 (class 2606 OID 17388)
-- Name: user_gen_rank_tbl user_gen_rank_tbl_user_id_fkey; Type: FK CONSTRAINT; Schema: public; Owner: postgres
--

ALTER TABLE ONLY public.user_gen_rank_tbl
    ADD CONSTRAINT user_gen_rank_tbl_user_id_fkey FOREIGN KEY (user_id) REFERENCES public.users_tbl(user_id) ON DELETE CASCADE;


--
-- TOC entry 5077 (class 2606 OID 17393)
-- Name: usercredentials_tbl usercerts_tbl_genskills_id_fkey; Type: FK CONSTRAINT; Schema: public; Owner: postgres
--

ALTER TABLE ONLY public.usercredentials_tbl
    ADD CONSTRAINT usercerts_tbl_genskills_id_fkey FOREIGN KEY (genskills_id) REFERENCES public.genskills_tbl(genskills_id);


--
-- TOC entry 5078 (class 2606 OID 17398)
-- Name: usercredentials_tbl usercerts_tbl_specskills_id_fkey; Type: FK CONSTRAINT; Schema: public; Owner: postgres
--

ALTER TABLE ONLY public.usercredentials_tbl
    ADD CONSTRAINT usercerts_tbl_specskills_id_fkey FOREIGN KEY (specskills_id) REFERENCES public.specskills_tbl(specskills_id);


--
-- TOC entry 5079 (class 2606 OID 17403)
-- Name: usercredentials_tbl usercerts_tbl_user_id_fkey; Type: FK CONSTRAINT; Schema: public; Owner: postgres
--

ALTER TABLE ONLY public.usercredentials_tbl
    ADD CONSTRAINT usercerts_tbl_user_id_fkey FOREIGN KEY (user_id) REFERENCES public.users_tbl(user_id);


--
-- TOC entry 5080 (class 2606 OID 17408)
-- Name: userinterests_tbl userinterests_tbl_genskills_id_fkey; Type: FK CONSTRAINT; Schema: public; Owner: postgres
--

ALTER TABLE ONLY public.userinterests_tbl
    ADD CONSTRAINT userinterests_tbl_genskills_id_fkey FOREIGN KEY (genskills_id) REFERENCES public.genskills_tbl(genskills_id) ON DELETE CASCADE;


--
-- TOC entry 5081 (class 2606 OID 17413)
-- Name: userinterests_tbl userinterests_tbl_user_id_fkey; Type: FK CONSTRAINT; Schema: public; Owner: postgres
--

ALTER TABLE ONLY public.userinterests_tbl
    ADD CONSTRAINT userinterests_tbl_user_id_fkey FOREIGN KEY (user_id) REFERENCES public.users_tbl(user_id) ON DELETE CASCADE;


--
-- TOC entry 5084 (class 2606 OID 17418)
-- Name: userskills_tbl userskills_tbl_specskills_id_fkey; Type: FK CONSTRAINT; Schema: public; Owner: postgres
--

ALTER TABLE ONLY public.userskills_tbl
    ADD CONSTRAINT userskills_tbl_specskills_id_fkey FOREIGN KEY (specskills_id) REFERENCES public.specskills_tbl(specskills_id);


--
-- TOC entry 5085 (class 2606 OID 17423)
-- Name: userskills_tbl userskills_tbl_user_id_fkey; Type: FK CONSTRAINT; Schema: public; Owner: postgres
--

ALTER TABLE ONLY public.userskills_tbl
    ADD CONSTRAINT userskills_tbl_user_id_fkey FOREIGN KEY (user_id) REFERENCES public.users_tbl(user_id);


-- Completed on 2025-10-04 13:32:49

--
-- PostgreSQL database dump complete
--

\unrestrict 0JQzOpiLDfUv1A0nKd3q7cBUsd0VGi7CgV5BvSsPXXDiqrCIZ3seHuxJ8YwrTli

